Step,Chunk,Shift_Score_KAN,Shift_Score_Rep,F1_Macro,Accuracy,Loss,Entropy,ECE,Confidence
1,l1-doh-nondoh,0.000000,0.000000,0.0000,0.0000,9.5221,1.4562,0.4034,0.4034
2,l2-benigndoh-maliciousdoh,0.000313,0.000003,0.0000,0.0000,5.8755,1.4745,0.3939,0.3939
3,benign-monday-no-metadata,0.001178,1.120418,0.1392,0.9504,0.2265,0.2433,0.0246,0.9358
4,botnet-friday-no-metadata,0.001810,1.119347,0.1236,0.9700,0.2254,0.1293,0.0138,0.9695
5,bruteforce-tuesday-no-metadata,0.003592,1.099501,0.1229,0.9619,0.2463,0.1013,0.0136,0.9756
6,ddos-friday-no-metadata,0.004582,1.055074,0.1610,0.5487,1.3822,0.8150,0.1581,0.7065
7,dos-wednesday-no-metadata,0.007869,1.085022,0.1207,0.6893,1.7630,0.1699,0.2563,0.9455
8,infiltration-thursday-no-metadata,0.009430,1.073734,0.1662,0.9949,0.0214,0.0270,0.0024,0.9930
9,portscan-friday-no-metadata,0.010375,1.069999,0.1424,0.9786,0.3220,0.0654,0.0097,0.9876
10,webattacks-thursday-no-metadata,0.011469,1.055114,0.1707,0.9817,0.1941,0.0411,0.0105,0.9920
11,all,0.011501,0.003902,0.0000,0.0000,5.6085,1.5029,0.4223,0.4223
12,dns2tcp_tunnel_99911_doh10_2020-03-30t20_14_53.737987,0.011298,0.003902,0.0000,0.0000,5.4356,1.5065,0.4217,0.4217
13,dns2tcp_tunnel_99911_doh10_2020-03-30t20_38_28.859919,0.011099,0.003901,0.0000,0.0000,5.4183,1.5069,0.4216,0.4216
14,dns2tcp_tunnel_99911_doh10_2020-03-30t21_02_04.628792,0.010904,0.003901,0.0000,0.0000,5.4010,1.5073,0.4216,0.4216
15,dns2tcp_tunnel_99911_doh10_2020-03-30t21_24_57.269335,0.010712,0.003901,0.0000,0.0000,5.3837,1.5077,0.4215,0.4215
16,dns2tcp_tunnel_99911_doh10_2020-03-30t21_47_44.394911,0.010524,0.003900,0.0000,0.0000,5.3664,1.5081,0.4214,0.4214
17,dns2tcp_tunnel_99911_doh10_2020-03-30t22_10_23.521383,0.010340,0.003900,0.0000,0.0000,5.3491,1.5085,0.4214,0.4214
18,dns2tcp_tunnel_99911_doh10_2020-03-30t22_32_59.693494,0.010160,0.003900,0.0000,0.0000,5.3318,1.5089,0.4213,0.4213
19,dns2tcp_tunnel_99911_doh10_2020-03-30t22_55_36.495418,0.009983,0.003900,0.0000,0.0000,5.3145,1.5093,0.4212,0.4212
20,dns2tcp_tunnel_99911_doh10_2020-03-30t23_18_08.993977,0.009810,0.003900,0.0000,0.0000,5.2972,1.5097,0.4212,0.4212
21,dns2tcp_tunnel_99911_doh10_2020-03-30t23_40_42.099501,0.009640,0.003900,0.0000,0.0000,5.2799,1.5101,0.4211,0.4211
22,dns2tcp_tunnel_99911_doh10_2020-03-31t00_03_18.965975,0.009473,0.003900,0.0000,0.0000,5.2627,1.5105,0.4210,0.4210
23,dns2tcp_tunnel_99911_doh10_2020-03-31t00_25_53.490166,0.009310,0.003900,0.0000,0.0000,5.2454,1.5109,0.4210,0.4210
24,dns2tcp_tunnel_99911_doh10_2020-03-31t00_48_32.137398,0.009150,0.003900,0.0000,0.0000,5.2281,1.5114,0.4209,0.4209
25,dns2tcp_tunnel_99911_doh10_2020-03-31t01_11_11.175423,0.008993,0.003900,0.0000,0.0000,5.2108,1.5118,0.4208,0.4208
26,dns2tcp_tunnel_99911_doh10_2020-03-31t01_33_50.184478,0.008839,0.003900,0.0000,0.0000,5.1935,1.5122,0.4207,0.4207
27,dns2tcp_tunnel_99911_doh10_2020-03-31t01_56_28.642906,0.008689,0.003900,0.0000,0.0000,5.1762,1.5126,0.4207,0.4207
28,dns2tcp_tunnel_99911_doh10_2020-03-31t02_19_08.554448,0.008541,0.003901,0.0000,0.0000,5.1590,1.5131,0.4206,0.4206
29,dns2tcp_tunnel_99911_doh10_2020-03-31t02_41_47.454073,0.008396,0.003901,0.0000,0.0000,5.1417,1.5135,0.4205,0.4205
30,dns2tcp_tunnel_99911_doh10_2020-03-31t03_04_21.045929,0.008254,0.003901,0.0000,0.0000,5.1244,1.5140,0.4204,0.4204
31,dns2tcp_tunnel_99911_doh10_2020-03-31t03_26_55.721687,0.008115,0.003901,0.0000,0.0000,5.1071,1.5144,0.4204,0.4204
32,dns2tcp_tunnel_99911_doh10_2020-03-31t03_49_30.072131,0.007979,0.003902,0.0000,0.0000,5.0899,1.5149,0.4203,0.4203
33,dns2tcp_tunnel_99911_doh10_2020-03-31t04_12_03.540198,0.007845,0.003902,0.0000,0.0000,5.0726,1.5154,0.4202,0.4202
34,dns2tcp_tunnel_99911_doh10_2020-03-31t04_34_37.279160,0.007714,0.003902,0.0000,0.0000,5.0553,1.5158,0.4201,0.4201
35,dns2tcp_tunnel_99911_doh10_2020-03-31t04_57_14.936835,0.007586,0.003903,0.0000,0.0000,5.0380,1.5163,0.4200,0.4200
36,dns2tcp_tunnel_99911_doh10_2020-03-31t05_19_52.677832,0.007460,0.003903,0.0000,0.0000,5.0208,1.5168,0.4200,0.4200
37,dns2tcp_tunnel_99911_doh10_2020-03-31t05_42_30.659892,0.007336,0.003904,0.0000,0.0000,5.0035,1.5173,0.4199,0.4199
38,dns2tcp_tunnel_99911_doh10_2020-03-31t06_05_11.066321,0.007215,0.003904,0.0000,0.0000,4.9862,1.5178,0.4198,0.4198
39,dns2tcp_tunnel_99911_doh10_2020-03-31t06_27_53.535674,0.007097,0.003905,0.0000,0.0000,4.9690,1.5182,0.4197,0.4197
40,dns2tcp_tunnel_99911_doh10_2020-03-31t06_50_32.348466,0.006981,0.003905,0.0000,0.0000,4.9517,1.5187,0.4196,0.4196
41,dns2tcp_tunnel_99911_doh10_2020-03-31t07_13_12.180184,0.006867,0.003906,0.0000,0.0000,4.9345,1.5193,0.4196,0.4196
42,dns2tcp_tunnel_99911_doh10_2020-03-31t07_35_48.659090,0.006755,0.003907,0.0000,0.0000,4.9172,1.5198,0.4195,0.4195
43,dns2tcp_tunnel_99911_doh10_2020-03-31t07_58_20.826286,0.006646,0.003907,0.0000,0.0000,4.8999,1.5203,0.4194,0.4194
44,dns2tcp_tunnel_99911_doh10_2020-03-31t08_20_56.860006,0.006538,0.003908,0.0000,0.0000,4.8827,1.5208,0.4193,0.4193
45,dns2tcp_tunnel_99911_doh10_2020-03-31t08_43_35.388576,0.006433,0.003908,0.0000,0.0000,4.8654,1.5213,0.4192,0.4192
46,dns2tcp_tunnel_99911_doh10_2020-03-31t09_06_14.156546,0.006330,0.003909,0.0000,0.0000,4.8482,1.5218,0.4191,0.4191
47,dns2tcp_tunnel_99911_doh10_2020-03-31t09_28_54.227384,0.006229,0.003910,0.0000,0.0000,4.8309,1.5224,0.4190,0.4190
48,dns2tcp_tunnel_99911_doh10_2020-03-31t09_51_39.782772,0.006130,0.003911,0.0000,0.0000,4.8137,1.5229,0.4189,0.4189
49,dns2tcp_tunnel_99911_doh10_2020-03-31t10_14_24.855361,0.006033,0.003911,0.0000,0.0000,4.7965,1.5235,0.4188,0.4188
50,dns2tcp_tunnel_99911_doh10_2020-03-31t10_37_07.841741,0.005938,0.003912,0.0000,0.0000,4.7792,1.5240,0.4187,0.4187
51,dns2tcp_tunnel_99911_doh10_2020-03-31t10_59_53.217370,0.005845,0.003913,0.0000,0.0000,4.7620,1.5246,0.4187,0.4187
52,dns2tcp_tunnel_99911_doh10_2020-03-31t11_22_31.430399,0.005753,0.003914,0.0000,0.0000,4.7447,1.5251,0.4186,0.4186
53,dns2tcp_tunnel_99911_doh10_2020-03-31t11_45_12.596724,0.005664,0.003914,0.0000,0.0000,4.7275,1.5257,0.4185,0.4185
54,dns2tcp_tunnel_99911_doh10_2020-03-31t12_07_52.822495,0.005576,0.003915,0.0000,0.0000,4.7103,1.5263,0.4184,0.4184
55,dns2tcp_tunnel_99911_doh10_2020-03-31t12_30_34.308477,0.005490,0.003916,0.0000,0.0000,4.6930,1.5269,0.4183,0.4183
56,dns2tcp_tunnel_99911_doh10_2020-03-31t12_53_14.723810,0.005405,0.003917,0.0000,0.0000,4.6758,1.5274,0.4182,0.4182
57,dns2tcp_tunnel_99911_doh10_2020-03-31t13_15_54.813732,0.005323,0.003918,0.0000,0.0000,4.6586,1.5280,0.4181,0.4181
58,dns2tcp_tunnel_99911_doh10_2020-03-31t13_38_33.840296,0.005242,0.003919,0.0000,0.0000,4.6413,1.5286,0.4180,0.4180
59,dns2tcp_tunnel_99911_doh10_2020-03-31t14_01_12.320189,0.005162,0.003920,0.0000,0.0000,4.6241,1.5292,0.4179,0.4179
60,dns2tcp_tunnel_99911_doh10_2020-03-31t14_23_51.114870,0.005084,0.003921,0.0000,0.0000,4.6069,1.5298,0.4178,0.4178
61,dns2tcp_tunnel_99911_doh10_2020-03-31t14_46_27.651036,0.005008,0.003921,0.0000,0.0000,4.5897,1.5305,0.4177,0.4177
62,dns2tcp_tunnel_99911_doh10_2020-03-31t15_09_06.290533,0.004933,0.003922,0.0000,0.0000,4.5725,1.5311,0.4175,0.4175
63,dns2tcp_tunnel_99911_doh10_2020-03-31t15_31_44.477427,0.004860,0.003923,0.0000,0.0000,4.5553,1.5317,0.4174,0.4174
64,dns2tcp_tunnel_99911_doh10_2020-03-31t15_54_17.732967,0.004788,0.003924,0.0000,0.0000,4.5380,1.5323,0.4173,0.4173
65,dns2tcp_tunnel_99911_doh10_2020-03-31t16_16_51.526325,0.004718,0.003925,0.0000,0.0000,4.5208,1.5330,0.4172,0.4172
66,dns2tcp_tunnel_99911_doh10_2020-03-31t16_39_24.523443,0.004648,0.003926,0.0000,0.0000,4.5036,1.5336,0.4171,0.4171
67,dns2tcp_tunnel_99911_doh10_2020-03-31t17_01_57.407125,0.004581,0.003927,0.0000,0.0000,4.4864,1.5343,0.4170,0.4170
68,dns2tcp_tunnel_99911_doh10_2020-03-31t17_24_30.546790,0.004514,0.003928,0.0000,0.0000,4.4692,1.5349,0.4169,0.4169
69,dns2tcp_tunnel_99911_doh10_2020-03-31t17_47_03.145021,0.004449,0.003929,0.0000,0.0000,4.4520,1.5356,0.4168,0.4168
70,dns2tcp_tunnel_99911_doh10_2020-03-31t18_09_33.908989,0.004386,0.003930,0.0000,0.0000,4.4348,1.5363,0.4167,0.4167
71,dns2tcp_tunnel_99911_doh10_2020-03-31t18_32_06.093518,0.004323,0.003931,0.0000,0.0000,4.4177,1.5370,0.4165,0.4165
72,dns2tcp_tunnel_99911_doh10_2020-03-31t18_54_36.472362,0.004262,0.003932,0.0000,0.0000,4.4005,1.5376,0.4164,0.4164
73,dns2tcp_tunnel_99911_doh10_2020-03-31t19_17_05.392027,0.004202,0.003932,0.0000,0.0000,4.3833,1.5383,0.4163,0.4163
74,dns2tcp_tunnel_99911_doh10_2020-03-31t19_39_34.462626,0.004143,0.003933,0.0000,0.0000,4.3661,1.5390,0.4162,0.4162
75,dns2tcp_tunnel_99911_doh10_2020-03-31t20_02_03.323428,0.004085,0.003934,0.0000,0.0000,4.3489,1.5397,0.4160,0.4160
76,dns2tcp_tunnel_99911_doh10_2020-03-31t20_24_32.210338,0.004029,0.003935,0.0000,0.0000,4.3318,1.5405,0.4159,0.4159
77,dns2tcp_tunnel_99911_doh10_2020-03-31t20_47_00.848014,0.003973,0.003936,0.0000,0.0000,4.3146,1.5412,0.4158,0.4158
78,dns2tcp_tunnel_99911_doh10_2020-03-31t21_09_30.164025,0.003919,0.003937,0.0000,0.0000,4.2974,1.5419,0.4157,0.4157
79,dns2tcp_tunnel_99911_doh10_2020-03-31t21_31_58.774601,0.003866,0.003938,0.0000,0.0000,4.2803,1.5426,0.4155,0.4155
80,dns2tcp_tunnel_99911_doh1_2020-03-30t20_38_05.584040,0.003813,0.003938,0.0000,0.0000,4.2631,1.5434,0.4154,0.4154
81,dns2tcp_tunnel_99911_doh1_2020-03-30t21_01_47.132121,0.003762,0.003939,0.0000,0.0000,4.2459,1.5441,0.4153,0.4153
82,dns2tcp_tunnel_99911_doh1_2020-03-30t21_24_44.969922,0.003712,0.003940,0.0000,0.0000,4.2288,1.5449,0.4151,0.4151
83,dns2tcp_tunnel_99911_doh1_2020-03-30t21_47_33.278567,0.003663,0.003941,0.0000,0.0000,4.2116,1.5456,0.4150,0.4150
84,dns2tcp_tunnel_99911_doh1_2020-03-30t22_10_13.974838,0.003614,0.003942,0.0000,0.0000,4.1945,1.5464,0.4149,0.4149
85,dns2tcp_tunnel_99911_doh1_2020-03-30t22_32_51.701236,0.003567,0.003942,0.0000,0.0000,4.1774,1.5472,0.4147,0.4147
86,dns2tcp_tunnel_99911_doh1_2020-03-30t22_55_28.423268,0.003521,0.003943,0.0000,0.0000,4.1602,1.5480,0.4146,0.4146
87,dns2tcp_tunnel_99911_doh1_2020-03-30t23_18_02.932543,0.003476,0.003944,0.0000,0.0000,4.1431,1.5488,0.4144,0.4144
88,dns2tcp_tunnel_99911_doh1_2020-03-30t23_40_35.234999,0.003431,0.003944,0.0000,0.0000,4.1260,1.5495,0.4143,0.4143
89,dns2tcp_tunnel_99911_doh1_2020-03-31t00_03_10.550389,0.003387,0.003945,0.0000,0.0000,4.1088,1.5504,0.4141,0.4141
90,dns2tcp_tunnel_99911_doh1_2020-03-31t00_25_45.863400,0.003345,0.003946,0.0000,0.0000,4.0917,1.5512,0.4140,0.4140
91,dns2tcp_tunnel_99911_doh1_2020-03-31t00_48_23.471017,0.003303,0.003946,0.0000,0.0000,4.0746,1.5520,0.4138,0.4138
92,dns2tcp_tunnel_99911_doh1_2020-03-31t01_11_02.621986,0.003261,0.003947,0.0000,0.0000,4.0575,1.5528,0.4137,0.4137
93,dns2tcp_tunnel_99911_doh1_2020-03-31t01_33_42.426437,0.003221,0.003947,0.0000,0.0000,4.0404,1.5536,0.4135,0.4135
94,dns2tcp_tunnel_99911_doh1_2020-03-31t01_56_20.971450,0.003182,0.003948,0.0000,0.0000,4.0233,1.5545,0.4134,0.4134
95,dns2tcp_tunnel_99911_doh1_2020-03-31t02_18_58.876500,0.003143,0.003948,0.0000,0.0000,4.0062,1.5553,0.4132,0.4132
96,dns2tcp_tunnel_99911_doh1_2020-03-31t02_41_40.204630,0.003105,0.003949,0.0000,0.0000,3.9891,1.5562,0.4130,0.4130
97,dns2tcp_tunnel_99911_doh1_2020-03-31t03_04_14.060313,0.003068,0.003949,0.0000,0.0000,3.9720,1.5571,0.4129,0.4129
98,dns2tcp_tunnel_99911_doh1_2020-03-31t03_26_48.467941,0.003031,0.003949,0.0000,0.0000,3.9550,1.5579,0.4127,0.4127
99,dns2tcp_tunnel_99911_doh1_2020-03-31t03_49_23.209031,0.002995,0.003950,0.0000,0.0000,3.9379,1.5588,0.4125,0.4125
100,dns2tcp_tunnel_99911_doh1_2020-03-31t04_11_56.383150,0.002960,0.003950,0.0000,0.0000,3.9208,1.5597,0.4124,0.4124
101,dns2tcp_tunnel_99911_doh1_2020-03-31t04_34_30.698373,0.002926,0.003950,0.0000,0.0000,3.9038,1.5606,0.4122,0.4122
102,dns2tcp_tunnel_99911_doh1_2020-03-31t04_57_07.549578,0.002892,0.003950,0.0000,0.0000,3.8867,1.5615,0.4120,0.4120
103,dns2tcp_tunnel_99911_doh1_2020-03-31t05_19_45.329529,0.002859,0.003950,0.0000,0.0000,3.8696,1.5624,0.4118,0.4118
104,dns2tcp_tunnel_99911_doh1_2020-03-31t05_42_22.470846,0.002827,0.003951,0.0000,0.0000,3.8526,1.5633,0.4117,0.4117
105,dns2tcp_tunnel_99911_doh1_2020-03-31t06_05_01.617124,0.002795,0.003951,0.0000,0.0000,3.8356,1.5642,0.4115,0.4115
106,dns2tcp_tunnel_99911_doh1_2020-03-31t06_27_45.344870,0.002764,0.003951,0.0000,0.0000,3.8185,1.5652,0.4113,0.4113
107,dns2tcp_tunnel_99911_doh1_2020-03-31t06_50_24.726782,0.002733,0.003950,0.0000,0.0000,3.8015,1.5661,0.4111,0.4111
108,dns2tcp_tunnel_99911_doh1_2020-03-31t07_13_02.880575,0.002703,0.003950,0.0000,0.0000,3.7845,1.5671,0.4109,0.4109
109,dns2tcp_tunnel_99911_doh1_2020-03-31t07_35_42.517412,0.002674,0.003950,0.0000,0.0000,3.7675,1.5680,0.4107,0.4107
110,dns2tcp_tunnel_99911_doh1_2020-03-31t07_58_14.738818,0.002645,0.003950,0.0000,0.0000,3.7504,1.5690,0.4105,0.4105
111,dns2tcp_tunnel_99911_doh1_2020-03-31t08_20_48.841399,0.002617,0.003949,0.0000,0.0000,3.7334,1.5700,0.4103,0.4103
112,dns2tcp_tunnel_99911_doh1_2020-03-31t08_43_29.043727,0.002589,0.003949,0.0000,0.0000,3.7165,1.5709,0.4101,0.4101
113,dns2tcp_tunnel_99911_doh1_2020-03-31t09_06_06.351094,0.002562,0.003948,0.0000,0.0000,3.6995,1.5719,0.4099,0.4099
114,dns2tcp_tunnel_99911_doh1_2020-03-31t09_28_46.201549,0.002535,0.003948,0.0000,0.0000,3.6825,1.5729,0.4097,0.4097
115,dns2tcp_tunnel_99911_doh1_2020-03-31t09_51_30.068224,0.002509,0.003947,0.0000,0.0000,3.6655,1.5739,0.4095,0.4095
116,dns2tcp_tunnel_99911_doh1_2020-03-31t10_14_16.739661,0.002484,0.003946,0.0000,0.0000,3.6485,1.5749,0.4093,0.4093
117,dns2tcp_tunnel_99911_doh1_2020-03-31t10_36_59.232393,0.002459,0.003946,0.0000,0.0000,3.6316,1.5760,0.4091,0.4091
118,dns2tcp_tunnel_99911_doh1_2020-03-31t10_59_41.101361,0.002434,0.003945,0.0000,0.0000,3.6146,1.5770,0.4088,0.4088
119,dns2tcp_tunnel_99911_doh1_2020-03-31t11_22_23.833171,0.002410,0.003944,0.0000,0.0000,3.5977,1.5780,0.4086,0.4086
120,dns2tcp_tunnel_99911_doh1_2020-03-31t11_45_03.948542,0.002386,0.003943,0.0000,0.0000,3.5807,1.5791,0.4084,0.4084
121,dns2tcp_tunnel_99911_doh1_2020-03-31t12_07_44.199442,0.002363,0.003942,0.0000,0.0000,3.5638,1.5801,0.4082,0.4082
122,dns2tcp_tunnel_99911_doh1_2020-03-31t12_30_26.142988,0.002341,0.003941,0.0000,0.0000,3.5469,1.5812,0.4079,0.4079
123,dns2tcp_tunnel_99911_doh1_2020-03-31t12_53_07.101910,0.002318,0.003939,0.0000,0.0000,3.5300,1.5822,0.4077,0.4077
124,dns2tcp_tunnel_99911_doh1_2020-03-31t13_15_47.482289,0.002296,0.003938,0.0000,0.0000,3.5131,1.5833,0.4075,0.4075
125,dns2tcp_tunnel_99911_doh1_2020-03-31t13_38_25.930231,0.002275,0.003936,0.0000,0.0000,3.4962,1.5844,0.4072,0.4072
126,dns2tcp_tunnel_99911_doh1_2020-03-31t14_01_04.212202,0.002254,0.003935,0.0000,0.0000,3.4793,1.5855,0.4070,0.4070
127,dns2tcp_tunnel_99911_doh1_2020-03-31t14_23_43.665339,0.002233,0.003933,0.0000,0.0000,3.4624,1.5866,0.4067,0.4067
128,dns2tcp_tunnel_99911_doh1_2020-03-31t14_46_20.917791,0.002213,0.003931,0.0000,0.0000,3.4455,1.5877,0.4065,0.4065
129,dns2tcp_tunnel_99911_doh1_2020-03-31t15_08_58.259779,0.002193,0.003930,0.0000,0.0000,3.4287,1.5888,0.4062,0.4062
130,dns2tcp_tunnel_99911_doh1_2020-03-31t15_31_38.216263,0.002174,0.003928,0.0000,0.0000,3.4118,1.5899,0.4060,0.4060
131,dns2tcp_tunnel_99911_doh1_2020-03-31t15_54_10.678007,0.002155,0.003926,0.0000,0.0000,3.3950,1.5910,0.4057,0.4057
132,dns2tcp_tunnel_99911_doh1_2020-03-31t16_16_43.587045,0.002136,0.003923,0.0000,0.0000,3.3781,1.5921,0.4054,0.4054
133,dns2tcp_tunnel_99911_doh1_2020-03-31t16_39_17.131324,0.002118,0.003921,0.0000,0.0000,3.3613,1.5933,0.4051,0.4051
134,dns2tcp_tunnel_99911_doh1_2020-03-31t17_01_51.748222,0.002100,0.003919,0.0000,0.0000,3.3445,1.5944,0.4049,0.4049
135,dns2tcp_tunnel_99911_doh1_2020-03-31t17_24_23.482558,0.002082,0.003916,0.0000,0.0000,3.3277,1.5956,0.4046,0.4046
136,dns2tcp_tunnel_99911_doh1_2020-03-31t17_46_57.431722,0.002065,0.003914,0.0000,0.0000,3.3109,1.5967,0.4043,0.4043
137,dns2tcp_tunnel_99911_doh1_2020-03-31t18_09_28.288548,0.002048,0.003911,0.0000,0.0000,3.2941,1.5979,0.4040,0.4040
138,dns2tcp_tunnel_99911_doh1_2020-03-31t18_31_59.426473,0.002031,0.003908,0.0000,0.0000,3.2773,1.5991,0.4037,0.4037
139,dns2tcp_tunnel_99911_doh1_2020-03-31t18_54_31.104608,0.002015,0.003905,0.0000,0.0000,3.2606,1.6003,0.4034,0.4034
140,dns2tcp_tunnel_99911_doh1_2020-03-31t19_16_59.892209,0.001999,0.003902,0.0000,0.0000,3.2438,1.6014,0.4031,0.4031
141,dns2tcp_tunnel_99911_doh1_2020-03-31t19_39_29.272486,0.001983,0.003898,0.0000,0.0000,3.2271,1.6026,0.4028,0.4028
142,dns2tcp_tunnel_99911_doh1_2020-03-31t20_01_57.966517,0.001968,0.003895,0.0000,0.0000,3.2103,1.6038,0.4025,0.4025
143,dns2tcp_tunnel_99911_doh1_2020-03-31t20_24_26.821843,0.001953,0.003892,0.0000,0.0000,3.1936,1.6050,0.4022,0.4022
144,dns2tcp_tunnel_99911_doh1_2020-03-31t20_46_55.597423,0.001938,0.003888,0.0000,0.0000,3.1769,1.6063,0.4019,0.4019
145,dns2tcp_tunnel_99911_doh1_2020-03-31t21_09_24.993414,0.001924,0.003884,0.0000,0.0000,3.1602,1.6075,0.4016,0.4016
146,dns2tcp_tunnel_99911_doh1_2020-03-31t21_31_53.640207,0.001909,0.003880,0.0000,0.0000,3.1435,1.6087,0.4012,0.4012
147,dns2tcp_tunnel_99911_doh2_2020-03-30t20_38_09.521847,0.001895,0.003876,0.0000,0.0000,3.1269,1.6099,0.4009,0.4009
148,dns2tcp_tunnel_99911_doh2_2020-03-30t21_01_49.604938,0.001882,0.003872,0.0000,0.0000,3.1102,1.6112,0.4006,0.4006
149,dns2tcp_tunnel_99911_doh2_2020-03-30t21_24_46.414022,0.001868,0.003868,0.0000,0.0000,3.0935,1.6124,0.4002,0.4002
150,dns2tcp_tunnel_99911_doh2_2020-03-30t21_47_35.390592,0.001855,0.003863,0.0000,0.0000,3.0769,1.6136,0.3999,0.3999
151,dns2tcp_tunnel_99911_doh2_2020-03-30t22_10_15.114246,0.001842,0.003858,0.0000,0.0000,3.0603,1.6149,0.3995,0.3995
152,dns2tcp_tunnel_99911_doh2_2020-03-30t22_32_52.983978,0.001829,0.003854,0.0000,0.0000,3.0437,1.6161,0.3992,0.3992
153,dns2tcp_tunnel_99911_doh2_2020-03-30t22_55_30.260018,0.001817,0.003849,0.0000,0.0000,3.0271,1.6174,0.3988,0.3988
154,dns2tcp_tunnel_99911_doh2_2020-03-30t23_18_04.086938,0.001805,0.003844,0.0000,0.0000,3.0105,1.6187,0.3984,0.3984
155,dns2tcp_tunnel_99911_doh2_2020-03-30t23_40_36.246233,0.001793,0.003838,0.0000,0.0000,2.9939,1.6199,0.3981,0.3981
156,dns2tcp_tunnel_99911_doh2_2020-03-31t00_03_12.874114,0.001781,0.003833,0.0000,0.0000,2.9774,1.6212,0.3977,0.3977
157,dns2tcp_tunnel_99911_doh2_2020-03-31t00_25_46.917131,0.001769,0.003827,0.0000,0.0000,2.9608,1.6225,0.3973,0.3973
158,dns2tcp_tunnel_99911_doh2_2020-03-31t00_48_24.605726,0.001758,0.003822,0.0000,0.0000,2.9443,1.6238,0.3969,0.3969
159,dns2tcp_tunnel_99911_doh2_2020-03-31t01_11_03.683722,0.001747,0.003816,0.0000,0.0000,2.9278,1.6251,0.3965,0.3965
160,dns2tcp_tunnel_99911_doh2_2020-03-31t01_33_43.166218,0.001736,0.003810,0.0000,0.0000,2.9113,1.6263,0.3961,0.3961
161,dns2tcp_tunnel_99911_doh2_2020-03-31t01_56_21.812307,0.001725,0.003803,0.0000,0.0000,2.8948,1.6276,0.3957,0.3957
162,dns2tcp_tunnel_99911_doh2_2020-03-31t02_19_01.405306,0.001715,0.003797,0.0000,0.0000,2.8784,1.6289,0.3953,0.3953
163,dns2tcp_tunnel_99911_doh2_2020-03-31t02_41_41.265959,0.001705,0.003790,0.0000,0.0000,2.8619,1.6302,0.3949,0.3949
164,dns2tcp_tunnel_99911_doh2_2020-03-31t03_04_15.305341,0.001695,0.003784,0.0000,0.0000,2.8455,1.6315,0.3945,0.3945
165,dns2tcp_tunnel_99911_doh2_2020-03-31t03_26_49.569817,0.001685,0.003777,0.0000,0.0000,2.8291,1.6328,0.3940,0.3940
166,dns2tcp_tunnel_99911_doh2_2020-03-31t03_49_24.012674,0.001675,0.003770,0.0000,0.0000,2.8127,1.6341,0.3936,0.3936
167,dns2tcp_tunnel_99911_doh2_2020-03-31t04_11_57.246996,0.001665,0.003762,0.0000,0.0000,2.7963,1.6354,0.3931,0.3931
168,dns2tcp_tunnel_99911_doh2_2020-03-31t04_34_31.690192,0.001656,0.003755,0.0000,0.0000,2.7799,1.6367,0.3927,0.3927
169,dns2tcp_tunnel_99911_doh2_2020-03-31t04_57_08.439163,0.001647,0.003747,0.0000,0.0000,2.7636,1.6380,0.3922,0.3922
170,dns2tcp_tunnel_99911_doh2_2020-03-31t05_19_46.543211,0.001638,0.003739,0.0000,0.0000,2.7472,1.6394,0.3918,0.3918
171,dns2tcp_tunnel_99911_doh2_2020-03-31t05_42_23.833872,0.001629,0.003731,0.0000,0.0000,2.7309,1.6407,0.3913,0.3913
172,dns2tcp_tunnel_99911_doh2_2020-03-31t06_05_02.555394,0.001620,0.003723,0.0000,0.0000,2.7146,1.6420,0.3908,0.3908
173,dns2tcp_tunnel_99911_doh2_2020-03-31t06_27_46.748369,0.001612,0.003715,0.0000,0.0000,2.6984,1.6433,0.3903,0.3903
174,dns2tcp_tunnel_99911_doh2_2020-03-31t06_50_25.737203,0.001603,0.003706,0.0000,0.0000,2.6821,1.6446,0.3899,0.3899
175,dns2tcp_tunnel_99911_doh2_2020-03-31t07_13_04.857931,0.001595,0.003697,0.0000,0.0000,2.6659,1.6459,0.3894,0.3894
176,dns2tcp_tunnel_99911_doh2_2020-03-31t07_35_43.684851,0.001587,0.003688,0.0000,0.0000,2.6496,1.6472,0.3889,0.3889
177,dns2tcp_tunnel_99911_doh2_2020-03-31t07_58_15.965533,0.001579,0.003679,0.0000,0.0000,2.6334,1.6485,0.3884,0.3884
178,dns2tcp_tunnel_99911_doh2_2020-03-31t08_20_50.289783,0.001572,0.003670,0.0000,0.0000,2.6173,1.6498,0.3878,0.3878
179,dns2tcp_tunnel_99911_doh2_2020-03-31t08_43_30.080682,0.001564,0.003660,0.0000,0.0000,2.6011,1.6511,0.3873,0.3873
180,dns2tcp_tunnel_99911_doh2_2020-03-31t09_06_07.723727,0.001557,0.003650,0.0000,0.0000,2.5850,1.6524,0.3868,0.3868
181,dns2tcp_tunnel_99911_doh2_2020-03-31t09_28_47.497244,0.001549,0.003640,0.0000,0.0000,2.5688,1.6537,0.3862,0.3862
182,dns2tcp_tunnel_99911_doh2_2020-03-31t09_51_31.395583,0.001542,0.003630,0.0000,0.0000,2.5527,1.6550,0.3857,0.3857
183,dns2tcp_tunnel_99911_doh2_2020-03-31t10_14_18.056327,0.001535,0.003620,0.0000,0.0000,2.5367,1.6563,0.3851,0.3851
184,dns2tcp_tunnel_99911_doh2_2020-03-31t10_37_00.659688,0.001528,0.003609,0.0000,0.0000,2.5206,1.6575,0.3846,0.3846
185,dns2tcp_tunnel_99911_doh2_2020-03-31t10_59_45.335226,0.001521,0.003599,0.0000,0.0000,2.5046,1.6588,0.3840,0.3840
186,dns2tcp_tunnel_99911_doh2_2020-03-31t11_22_25.279055,0.001514,0.003588,0.0000,0.0000,2.4886,1.6601,0.3834,0.3834
187,dns2tcp_tunnel_99911_doh2_2020-03-31t11_45_05.982239,0.001508,0.003576,0.0000,0.0000,2.4726,1.6614,0.3828,0.3828
188,dns2tcp_tunnel_99911_doh2_2020-03-31t12_07_45.529275,0.001501,0.003565,0.0000,0.0000,2.4566,1.6626,0.3822,0.3822
189,dns2tcp_tunnel_99911_doh2_2020-03-31t12_30_27.415865,0.001495,0.003553,0.0000,0.0000,2.4407,1.6639,0.3816,0.3816
190,dns2tcp_tunnel_99911_doh2_2020-03-31t12_53_08.006489,0.001489,0.003542,0.0000,0.0000,2.4248,1.6651,0.3810,0.3810
191,dns2tcp_tunnel_99911_doh2_2020-03-31t13_15_48.483801,0.001483,0.003530,0.0000,0.0000,2.4089,1.6663,0.3804,0.3804
192,dns2tcp_tunnel_99911_doh2_2020-03-31t13_38_27.024617,0.001477,0.003518,0.0000,0.0000,2.3930,1.6676,0.3798,0.3798
193,dns2tcp_tunnel_99911_doh2_2020-03-31t14_01_05.454686,0.001471,0.003505,0.0000,0.0000,2.3772,1.6688,0.3792,0.3792
194,dns2tcp_tunnel_99911_doh2_2020-03-31t14_23_44.715585,0.001465,0.003492,0.0000,0.0000,2.3614,1.6700,0.3785,0.3785
195,dns2tcp_tunnel_99911_doh2_2020-03-31t14_46_21.794299,0.001459,0.003480,0.0000,0.0000,2.3456,1.6712,0.3779,0.3779
196,dns2tcp_tunnel_99911_doh2_2020-03-31t15_08_59.582212,0.001454,0.003467,0.0000,0.0000,2.3298,1.6724,0.3772,0.3772
197,dns2tcp_tunnel_99911_doh2_2020-03-31t15_31_39.183038,0.001448,0.003453,0.0000,0.0000,2.3141,1.6736,0.3765,0.3765
198,dns2tcp_tunnel_99911_doh2_2020-03-31t15_54_11.949910,0.001443,0.003440,0.0000,0.0000,2.2984,1.6747,0.3758,0.3758
199,dns2tcp_tunnel_99911_doh2_2020-03-31t16_16_46.753944,0.001438,0.003426,0.0000,0.0000,2.2827,1.6759,0.3752,0.3752
200,dns2tcp_tunnel_99911_doh2_2020-03-31t16_39_18.292354,0.001432,0.003413,0.0000,0.0000,2.2670,1.6770,0.3745,0.3745
201,dns2tcp_tunnel_99911_doh2_2020-03-31t17_01_52.712055,0.001427,0.003399,0.0000,0.0000,2.2514,1.6781,0.3737,0.3737
202,dns2tcp_tunnel_99911_doh2_2020-03-31t17_24_24.894044,0.001422,0.003384,0.0000,0.0000,2.2358,1.6792,0.3730,0.3730
203,dns2tcp_tunnel_99911_doh2_2020-03-31t17_46_58.286049,0.001417,0.003370,0.0000,0.0000,2.2202,1.6803,0.3723,0.3723
204,dns2tcp_tunnel_99911_doh2_2020-03-31t18_09_29.024947,0.001412,0.003355,0.0000,0.0000,2.2047,1.6814,0.3716,0.3716
205,dns2tcp_tunnel_99911_doh2_2020-03-31t18_32_00.407641,0.001408,0.003341,0.0000,0.0000,2.1892,1.6825,0.3708,0.3708
206,dns2tcp_tunnel_99911_doh2_2020-03-31t18_54_31.906255,0.001403,0.003326,0.0000,0.0000,2.1737,1.6835,0.3701,0.3701
207,dns2tcp_tunnel_99911_doh2_2020-03-31t19_17_00.644514,0.001399,0.003311,0.0000,0.0000,2.1582,1.6846,0.3693,0.3693
208,dns2tcp_tunnel_99911_doh2_2020-03-31t19_39_29.996145,0.001394,0.003295,0.0000,0.0000,2.1428,1.6856,0.3685,0.3685
209,dns2tcp_tunnel_99911_doh2_2020-03-31t20_01_58.705233,0.001390,0.003280,0.0000,0.0000,2.1274,1.6866,0.3677,0.3677
210,dns2tcp_tunnel_99911_doh2_2020-03-31t20_24_27.514597,0.001385,0.003264,0.0000,0.0000,2.1120,1.6875,0.3669,0.3669
211,dns2tcp_tunnel_99911_doh2_2020-03-31t20_46_56.322517,0.001381,0.003248,0.0000,0.0000,2.0967,1.6885,0.3661,0.3661
212,dns2tcp_tunnel_99911_doh2_2020-03-31t21_09_25.688476,0.001377,0.003232,0.0000,0.0000,2.0814,1.6894,0.3653,0.3653
213,dns2tcp_tunnel_99911_doh2_2020-03-31t21_31_54.357919,0.001372,0.003215,0.0000,0.0000,2.0662,1.6903,0.3645,0.3645
214,dns2tcp_tunnel_99911_doh3_2020-03-30t20_38_12.306120,0.001368,0.003199,0.0000,0.0000,2.0509,1.6912,0.3637,0.3637
215,dns2tcp_tunnel_99911_doh3_2020-03-30t21_01_51.417506,0.001364,0.003182,0.0000,0.0000,2.0357,1.6920,0.3628,0.3628
216,dns2tcp_tunnel_99911_doh3_2020-03-30t21_47_36.388255,0.001361,0.003166,0.0000,0.0000,2.0206,1.6929,0.3620,0.3620
217,dns2tcp_tunnel_99911_doh3_2020-03-30t22_10_16.086144,0.001357,0.003148,0.0000,0.0000,2.0054,1.6937,0.3611,0.3611
218,dns2tcp_tunnel_99911_doh3_2020-03-30t22_32_54.200887,0.001353,0.003131,0.0000,0.0000,1.9904,1.6945,0.3602,0.3602
219,dns2tcp_tunnel_99911_doh3_2020-03-30t22_55_31.341299,0.001349,0.003114,0.0000,0.0000,1.9753,1.6952,0.3593,0.3593
220,dns2tcp_tunnel_99911_doh3_2020-03-30t23_18_04.676955,0.001345,0.003097,0.0000,0.0000,1.9603,1.6959,0.3584,0.3584
221,dns2tcp_tunnel_99911_doh3_2020-03-30t23_40_37.011026,0.001342,0.003079,0.0000,0.0000,1.9453,1.6966,0.3575,0.3575
222,dns2tcp_tunnel_99911_doh3_2020-03-31t00_03_13.918512,0.001338,0.003061,0.0000,0.0000,1.9304,1.6973,0.3566,0.3566
223,dns2tcp_tunnel_99911_doh3_2020-03-31t00_25_48.003949,0.001335,0.003043,0.0000,0.0000,1.9155,1.6979,0.3557,0.3557
224,dns2tcp_tunnel_99911_doh3_2020-03-31t00_48_25.618110,0.001331,0.003025,0.0000,0.0000,1.9006,1.6985,0.3547,0.3547
225,dns2tcp_tunnel_99911_doh3_2020-03-31t01_11_04.741734,0.001328,0.003007,0.0000,0.0000,1.8858,1.6991,0.3538,0.3538
226,dns2tcp_tunnel_99911_doh3_2020-03-31t01_33_44.058906,0.001325,0.002988,0.0000,0.0000,1.8710,1.6996,0.3528,0.3528
227,dns2tcp_tunnel_99911_doh3_2020-03-31t01_56_22.782637,0.001321,0.002970,0.0000,0.0000,1.8562,1.7002,0.3518,0.3518
228,dns2tcp_tunnel_99911_doh3_2020-03-31t02_19_02.253995,0.001318,0.002951,0.0000,0.0000,1.8415,1.7006,0.3508,0.3508
229,dns2tcp_tunnel_99911_doh3_2020-03-31t02_41_41.959065,0.001315,0.002932,0.0000,0.0000,1.8268,1.7010,0.3498,0.3498
230,dns2tcp_tunnel_99911_doh3_2020-03-31t03_04_16.009085,0.001312,0.002913,0.0000,0.0000,1.8122,1.7014,0.3488,0.3488
231,dns2tcp_tunnel_99911_doh3_2020-03-31t03_26_50.532416,0.001309,0.002894,0.0000,0.0000,1.7976,1.7018,0.3478,0.3478
232,dns2tcp_tunnel_99911_doh3_2020-03-31t03_49_25.121543,0.001306,0.002875,0.0000,0.0000,1.7831,1.7021,0.3468,0.3468
233,dns2tcp_tunnel_99911_doh3_2020-03-31t04_11_58.472065,0.001303,0.002855,0.0000,0.0000,1.7685,1.7024,0.3457,0.3457
234,dns2tcp_tunnel_99911_doh3_2020-03-31t04_34_32.711213,0.001300,0.002836,0.0000,0.0000,1.7541,1.7026,0.3447,0.3447
235,dns2tcp_tunnel_99911_doh3_2020-03-31t04_57_09.485889,0.001297,0.002816,0.0000,0.0000,1.7397,1.7028,0.3436,0.3436
236,dns2tcp_tunnel_99911_doh3_2020-03-31t05_19_47.686204,0.001294,0.002797,0.0000,0.0000,1.7253,1.7030,0.3425,0.3425
237,dns2tcp_tunnel_99911_doh3_2020-03-31t05_42_25.052171,0.001291,0.002777,0.0000,0.0000,1.7110,1.7031,0.3414,0.3414
238,dns2tcp_tunnel_99911_doh3_2020-03-31t06_05_04.211640,0.001288,0.002757,0.0000,0.0000,1.6967,1.7031,0.3403,0.3403
239,dns2tcp_tunnel_99911_doh3_2020-03-31t06_27_47.710088,0.001286,0.002737,0.0000,0.0000,1.6824,1.7031,0.3392,0.3392
240,dns2tcp_tunnel_99911_doh3_2020-03-31t06_50_26.720660,0.001283,0.002717,0.0000,0.0000,1.6682,1.7031,0.3381,0.3381
241,dns2tcp_tunnel_99911_doh3_2020-03-31t07_13_05.868988,0.001281,0.002697,0.0000,0.0000,1.6541,1.7030,0.3369,0.3369
242,dns2tcp_tunnel_99911_doh3_2020-03-31t07_35_44.406735,0.001278,0.002676,0.0000,0.0000,1.6400,1.7029,0.3358,0.3358
243,dns2tcp_tunnel_99911_doh3_2020-03-31t07_58_16.632546,0.001275,0.002656,0.0000,0.0000,1.6259,1.7027,0.3346,0.3346
244,dns2tcp_tunnel_99911_doh3_2020-03-31t08_20_50.929547,0.001273,0.002636,0.0000,0.0000,1.6119,1.7025,0.3334,0.3334
245,dns2tcp_tunnel_99911_doh3_2020-03-31t08_43_30.862948,0.001270,0.002615,0.0000,0.0000,1.5980,1.7022,0.3322,0.3322
246,dns2tcp_tunnel_99911_doh3_2020-03-31t09_06_08.635047,0.001268,0.002595,0.0000,0.0000,1.5841,1.7018,0.3310,0.3310
247,dns2tcp_tunnel_99911_doh3_2020-03-31t09_28_48.581172,0.001266,0.002574,0.0000,0.0000,1.5702,1.7015,0.3298,0.3298
248,dns2tcp_tunnel_99911_doh3_2020-03-31t09_51_33.085274,0.001263,0.002553,0.0000,0.0000,1.5564,1.7010,0.3286,0.3286
249,dns2tcp_tunnel_99911_doh3_2020-03-31t10_14_19.214165,0.001261,0.002533,0.0000,0.0000,1.5426,1.7005,0.3273,0.3273
250,dns2tcp_tunnel_99911_doh3_2020-03-31t10_37_01.655493,0.001259,0.002512,0.0000,0.0000,1.5289,1.6999,0.3261,0.3261
251,dns2tcp_tunnel_99911_doh3_2020-03-31t10_59_46.413520,0.001256,0.002491,0.0000,0.0000,1.5153,1.6993,0.3248,0.3248
252,dns2tcp_tunnel_99911_doh3_2020-03-31t11_22_26.182973,0.001254,0.002471,0.0000,0.0000,1.5017,1.6986,0.3236,0.3236
253,dns2tcp_tunnel_99911_doh3_2020-03-31t11_45_06.838497,0.001252,0.002450,0.0000,0.0000,1.4881,1.6979,0.3223,0.3223
254,dns2tcp_tunnel_99911_doh3_2020-03-31t12_07_46.704994,0.001250,0.002429,0.0000,0.0000,1.4746,1.6971,0.3210,0.3210
255,dns2tcp_tunnel_99911_doh3_2020-03-31t12_30_28.312834,0.001248,0.002408,0.0000,0.0000,1.4612,1.6962,0.3197,0.3197
256,dns2tcp_tunnel_99911_doh3_2020-03-31t12_53_09.153331,0.001245,0.002387,0.0000,0.0000,1.4478,1.6953,0.3183,0.3183
257,dns2tcp_tunnel_99911_doh3_2020-03-31t13_15_49.670261,0.001243,0.002366,0.0000,0.0000,1.4344,1.6943,0.3170,0.3170
258,dns2tcp_tunnel_99911_doh3_2020-03-31t13_38_28.251682,0.001242,0.002345,0.0000,0.0000,1.4212,1.6932,0.3157,0.3157
259,dns2tcp_tunnel_99911_doh3_2020-03-31t14_01_06.547778,0.001239,0.002324,0.0000,0.0000,1.4079,1.6921,0.3143,0.3143
260,dns2tcp_tunnel_99911_doh3_2020-03-31t14_23_45.611013,0.001238,0.002304,0.0000,0.0000,1.3948,1.6909,0.3129,0.3129
261,dns2tcp_tunnel_99911_doh3_2020-03-31t14_46_22.470866,0.001235,0.002283,0.0000,0.0000,1.3816,1.6896,0.3115,0.3115
262,dns2tcp_tunnel_99911_doh3_2020-03-31t15_09_00.774694,0.001234,0.002262,0.0000,0.0000,1.3686,1.6883,0.3102,0.3102
263,dns2tcp_tunnel_99911_doh3_2020-03-31t15_31_39.850957,0.001232,0.002241,0.0000,0.0000,1.3556,1.6869,0.3087,0.3087
264,dns2tcp_tunnel_99911_doh3_2020-03-31t15_54_12.727210,0.001230,0.002220,0.0000,0.0000,1.3427,1.6854,0.3073,0.3073
265,dns2tcp_tunnel_99911_doh3_2020-03-31t16_16_47.357008,0.001228,0.002199,0.0000,0.0000,1.3298,1.6838,0.3059,0.3059
266,dns2tcp_tunnel_99911_doh3_2020-03-31t16_39_19.028752,0.001226,0.002179,0.0000,0.0000,1.3169,1.6822,0.3045,0.3045
267,dns2tcp_tunnel_99911_doh3_2020-03-31t17_01_53.329801,0.001224,0.002158,0.0000,0.0000,1.3042,1.6805,0.3030,0.3030
268,dns2tcp_tunnel_99911_doh3_2020-03-31t17_24_25.656687,0.001223,0.002137,0.0000,0.0000,1.2915,1.6788,0.3015,0.3015
269,dns2tcp_tunnel_99911_doh3_2020-03-31t17_46_58.984698,0.001221,0.002117,0.0000,0.0000,1.2788,1.6769,0.3001,0.3001
270,dns2tcp_tunnel_99911_doh3_2020-03-31t18_09_29.669597,0.001219,0.002096,0.0000,0.0000,1.2663,1.6750,0.2986,0.2986
271,dns2tcp_tunnel_99911_doh3_2020-03-31t18_32_01.328335,0.001217,0.002076,0.0000,0.0000,1.2537,1.6730,0.2971,0.2971
272,dns2tcp_tunnel_99911_doh3_2020-03-31t18_54_32.600351,0.001216,0.002055,0.0000,0.0000,1.2413,1.6709,0.2956,0.2956
273,dns2tcp_tunnel_99911_doh3_2020-03-31t19_17_01.344179,0.001214,0.002035,0.0000,0.0000,1.2289,1.6687,0.2941,0.2941
274,dns2tcp_tunnel_99911_doh3_2020-03-31t19_39_30.664992,0.001212,0.002015,1.0000,1.0000,1.2166,1.6665,0.7038,0.2962
275,dns2tcp_tunnel_99911_doh3_2020-03-31t20_01_59.362943,0.001211,0.001994,1.0000,1.0000,1.2043,1.6642,0.7001,0.2999
276,dns2tcp_tunnel_99911_doh3_2020-03-31t20_24_28.184510,0.001209,0.001974,1.0000,1.0000,1.1921,1.6618,0.6964,0.3036
277,dns2tcp_tunnel_99911_doh3_2020-03-31t20_46_56.966615,0.001208,0.001954,1.0000,1.0000,1.1800,1.6593,0.6927,0.3073
278,dns2tcp_tunnel_99911_doh3_2020-03-31t21_09_26.342695,0.001206,0.001934,1.0000,1.0000,1.1679,1.6567,0.6890,0.3110
279,dns2tcp_tunnel_99911_doh3_2020-03-31t21_31_54.974406,0.001204,0.001914,1.0000,1.0000,1.1559,1.6540,0.6852,0.3148
280,dns2tcp_tunnel_99911_doh4_2020-03-30t19_28_52.842770,0.001203,0.001895,1.0000,1.0000,1.1439,1.6513,0.6814,0.3186
281,dns2tcp_tunnel_99911_doh4_2020-03-30t20_14_46.213820,0.001201,0.001875,1.0000,1.0000,1.1320,1.6485,0.6776,0.3224
282,dns2tcp_tunnel_99911_doh4_2020-03-30t21_01_53.536390,0.001200,0.001855,1.0000,1.0000,1.1202,1.6456,0.6738,0.3262
283,dns2tcp_tunnel_99911_doh4_2020-03-30t21_47_38.090394,0.001198,0.001836,1.0000,1.0000,1.1085,1.6426,0.6699,0.3301
284,dns2tcp_tunnel_99911_doh4_2020-03-30t22_10_17.134875,0.001197,0.001816,1.0000,1.0000,1.0968,1.6395,0.6661,0.3339
285,dns2tcp_tunnel_99911_doh4_2020-03-30t22_32_55.458848,0.001195,0.001797,1.0000,1.0000,1.0852,1.6363,0.6622,0.3378
286,dns2tcp_tunnel_99911_doh4_2020-03-30t22_55_32.317683,0.001194,0.001778,1.0000,1.0000,1.0737,1.6331,0.6582,0.3418
287,dns2tcp_tunnel_99911_doh4_2020-03-30t23_18_05.427974,0.001193,0.001759,1.0000,1.0000,1.0622,1.6297,0.6543,0.3457
288,dns2tcp_tunnel_99911_doh4_2020-03-30t23_40_37.806643,0.001191,0.001740,1.0000,1.0000,1.0508,1.6263,0.6503,0.3497
289,dns2tcp_tunnel_99911_doh4_2020-03-31t00_03_14.781434,0.001190,0.001721,1.0000,1.0000,1.0395,1.6228,0.6464,0.3536
290,dns2tcp_tunnel_99911_doh4_2020-03-31t00_25_49.034978,0.001188,0.001703,1.0000,1.0000,1.0282,1.6192,0.6423,0.3577
291,dns2tcp_tunnel_99911_doh4_2020-03-31t00_48_26.649409,0.001187,0.001684,1.0000,1.0000,1.0170,1.6155,0.6383,0.3617
292,dns2tcp_tunnel_99911_doh4_2020-03-31t01_11_05.616843,0.001186,0.001666,1.0000,1.0000,1.0059,1.6117,0.6343,0.3657
293,dns2tcp_tunnel_99911_doh4_2020-03-31t01_33_45.029066,0.001184,0.001648,1.0000,1.0000,0.9948,1.6078,0.6302,0.3698
294,dns2tcp_tunnel_99911_doh4_2020-03-31t01_56_23.860952,0.001183,0.001630,1.0000,1.0000,0.9838,1.6039,0.6261,0.3739
295,dns2tcp_tunnel_99911_doh4_2020-03-31t02_19_03.021271,0.001182,0.001612,1.0000,1.0000,0.9729,1.5998,0.6220,0.3780
296,dns2tcp_tunnel_99911_doh4_2020-03-31t02_41_42.731276,0.001181,0.001594,1.0000,1.0000,0.9621,1.5956,0.6179,0.3821
297,dns2tcp_tunnel_99911_doh4_2020-03-31t03_04_16.647746,0.001179,0.001576,1.0000,1.0000,0.9513,1.5914,0.6138,0.3862
298,dns2tcp_tunnel_99911_doh4_2020-03-31t03_26_51.255859,0.001178,0.001559,1.0000,1.0000,0.9406,1.5871,0.6096,0.3904
299,dns2tcp_tunnel_99911_doh4_2020-03-31t03_49_25.732152,0.001177,0.001541,1.0000,1.0000,0.9300,1.5827,0.6054,0.3946
300,dns2tcp_tunnel_99911_doh4_2020-03-31t04_11_58.994549,0.001176,0.001524,1.0000,1.0000,0.9195,1.5782,0.6013,0.3987
301,dns2tcp_tunnel_99911_doh4_2020-03-31t04_34_33.224692,0.001174,0.001507,1.0000,1.0000,0.9090,1.5736,0.5971,0.4029
302,dns2tcp_tunnel_99911_doh4_2020-03-31t04_57_10.317928,0.001173,0.001490,1.0000,1.0000,0.8986,1.5689,0.5929,0.4071
303,dns2tcp_tunnel_99911_doh4_2020-03-31t05_19_48.455456,0.001172,0.001473,1.0000,1.0000,0.8883,1.5641,0.5886,0.4114
304,dns2tcp_tunnel_99911_doh4_2020-03-31t05_42_25.675062,0.001171,0.001457,1.0000,1.0000,0.8780,1.5592,0.5844,0.4156
305,dns2tcp_tunnel_99911_doh4_2020-03-31t06_05_05.030995,0.001170,0.001440,1.0000,1.0000,0.8678,1.5543,0.5801,0.4199
306,dns2tcp_tunnel_99911_doh4_2020-03-31t06_27_48.406503,0.001168,0.001424,1.0000,1.0000,0.8577,1.5492,0.5759,0.4241
307,dns2tcp_tunnel_99911_doh4_2020-03-31t06_50_27.484226,0.001167,0.001408,1.0000,1.0000,0.8477,1.5441,0.5716,0.4284
308,dns2tcp_tunnel_99911_doh4_2020-03-31t07_13_06.787915,0.001166,0.001392,1.0000,1.0000,0.8377,1.5389,0.5673,0.4327
309,dns2tcp_tunnel_99911_doh4_2020-03-31t07_35_45.016767,0.001165,0.001376,1.0000,1.0000,0.8278,1.5335,0.5630,0.4370
310,dns2tcp_tunnel_99911_doh4_2020-03-31t07_58_17.169659,0.001164,0.001361,1.0000,1.0000,0.8180,1.5281,0.5587,0.4413
311,dns2tcp_tunnel_99911_doh4_2020-03-31t08_20_51.653145,0.001163,0.001345,1.0000,1.0000,0.8083,1.5227,0.5544,0.4456
312,dns2tcp_tunnel_99911_doh4_2020-03-31t08_43_31.521956,0.001162,0.001330,1.0000,1.0000,0.7986,1.5171,0.5501,0.4499
313,dns2tcp_tunnel_99911_doh4_2020-03-31t09_06_09.329259,0.001161,0.001315,1.0000,1.0000,0.7891,1.5114,0.5457,0.4543
314,dns2tcp_tunnel_99911_doh4_2020-03-31t09_28_49.327973,0.001159,0.001300,1.0000,1.0000,0.7796,1.5057,0.5414,0.4586
315,dns2tcp_tunnel_99911_doh4_2020-03-31t09_51_34.131395,0.001158,0.001285,1.0000,1.0000,0.7701,1.4998,0.5370,0.4630
316,dns2tcp_tunnel_99911_doh4_2020-03-31t10_14_19.912890,0.001157,0.001271,1.0000,1.0000,0.7608,1.4939,0.5327,0.4673
317,dns2tcp_tunnel_99911_doh4_2020-03-31t10_37_02.207846,0.001156,0.001256,1.0000,1.0000,0.7515,1.4879,0.5283,0.4717
318,dns2tcp_tunnel_99911_doh4_2020-03-31t10_59_47.338977,0.001155,0.001242,1.0000,1.0000,0.7423,1.4818,0.5240,0.4760
319,dns2tcp_tunnel_99911_doh4_2020-03-31t11_22_27.098695,0.001154,0.001228,1.0000,1.0000,0.7332,1.4757,0.5196,0.4804
320,dns2tcp_tunnel_99911_doh4_2020-03-31t11_45_07.624331,0.001153,0.001214,1.0000,1.0000,0.7241,1.4694,0.5152,0.4848
321,dns2tcp_tunnel_99911_doh4_2020-03-31t12_07_47.453907,0.001152,0.001200,1.0000,1.0000,0.7151,1.4631,0.5109,0.4891
322,dns2tcp_tunnel_99911_doh4_2020-03-31t12_30_29.180385,0.001151,0.001186,1.0000,1.0000,0.7062,1.4567,0.5065,0.4935
323,dns2tcp_tunnel_99911_doh4_2020-03-31t12_53_09.825848,0.001150,0.001173,1.0000,1.0000,0.6974,1.4502,0.5021,0.4979
324,dns2tcp_tunnel_99911_doh4_2020-03-31t13_15_50.455290,0.001149,0.001160,1.0000,1.0000,0.6887,1.4436,0.4978,0.5022
325,dns2tcp_tunnel_99911_doh4_2020-03-31t13_38_29.079792,0.001148,0.001147,1.0000,1.0000,0.6800,1.4370,0.4934,0.5066
326,dns2tcp_tunnel_99911_doh4_2020-03-31t14_01_07.331155,0.001147,0.001134,1.0000,1.0000,0.6714,1.4303,0.4890,0.5110
327,dns2tcp_tunnel_99911_doh4_2020-03-31t14_23_46.290631,0.001146,0.001121,1.0000,1.0000,0.6629,1.4235,0.4846,0.5154
328,dns2tcp_tunnel_99911_doh4_2020-03-31t14_46_23.058385,0.001145,0.001108,1.0000,1.0000,0.6545,1.4166,0.4803,0.5197
329,dns2tcp_tunnel_99911_doh4_2020-03-31t15_09_01.375749,0.001144,0.001096,1.0000,1.0000,0.6461,1.4097,0.4759,0.5241
330,dns2tcp_tunnel_99911_doh4_2020-03-31t15_31_40.556679,0.001143,0.001084,1.0000,1.0000,0.6378,1.4027,0.4716,0.5284
331,dns2tcp_tunnel_99911_doh4_2020-03-31t15_54_13.346720,0.001142,0.001072,1.0000,1.0000,0.6296,1.3956,0.4672,0.5328
332,dns2tcp_tunnel_99911_doh4_2020-03-31t16_16_47.960518,0.001141,0.001060,1.0000,1.0000,0.6215,1.3885,0.4628,0.5372
333,dns2tcp_tunnel_99911_doh4_2020-03-31t16_39_19.580585,0.001140,0.001048,1.0000,1.0000,0.6134,1.3813,0.4585,0.5415
334,dns2tcp_tunnel_99911_doh4_2020-03-31t17_01_53.870580,0.001139,0.001036,1.0000,1.0000,0.6054,1.3740,0.4542,0.5458
335,dns2tcp_tunnel_99911_doh4_2020-03-31t17_24_26.246154,0.001138,0.001025,1.0000,1.0000,0.5975,1.3666,0.4498,0.5502
336,dns2tcp_tunnel_99911_doh4_2020-03-31t17_46_59.556531,0.001138,0.001014,1.0000,1.0000,0.5897,1.3592,0.4455,0.5545
337,dns2tcp_tunnel_99911_doh4_2020-03-31t18_09_30.285838,0.001137,0.001002,1.0000,1.0000,0.5819,1.3518,0.4412,0.5588
338,dns2tcp_tunnel_99911_doh4_2020-03-31t18_32_01.991167,0.001136,0.000991,1.0000,1.0000,0.5743,1.3442,0.4369,0.5631
339,dns2tcp_tunnel_99911_doh4_2020-03-31t18_54_33.141385,0.001135,0.000981,1.0000,1.0000,0.5666,1.3366,0.4326,0.5674
340,dns2tcp_tunnel_99911_doh4_2020-03-31t19_17_01.884574,0.001134,0.000970,1.0000,1.0000,0.5591,1.3290,0.4283,0.5717
341,dns2tcp_tunnel_99911_doh4_2020-03-31t19_39_31.206899,0.001133,0.000959,1.0000,1.0000,0.5517,1.3213,0.4240,0.5760
342,dns2tcp_tunnel_99911_doh4_2020-03-31t20_01_59.880409,0.001132,0.000949,1.0000,1.0000,0.5443,1.3135,0.4197,0.5803
343,dns2tcp_tunnel_99911_doh4_2020-03-31t20_24_28.781524,0.001131,0.000939,1.0000,1.0000,0.5370,1.3057,0.4155,0.5845
344,dns2tcp_tunnel_99911_doh4_2020-03-31t20_46_57.503479,0.001130,0.000929,1.0000,1.0000,0.5297,1.2979,0.4112,0.5888
345,dns2tcp_tunnel_99911_doh4_2020-03-31t21_09_26.882438,0.001130,0.000919,1.0000,1.0000,0.5226,1.2900,0.4070,0.5930
346,dns2tcp_tunnel_99911_doh4_2020-03-31t21_31_55.516666,0.001129,0.000909,1.0000,1.0000,0.5155,1.2820,0.4028,0.5972
347,dns2tcp_tunnel_99911_doh5_2020-03-30t20_14_47.066924,0.001128,0.000899,1.0000,1.0000,0.5085,1.2740,0.3986,0.6014
348,dns2tcp_tunnel_99911_doh5_2020-03-30t20_38_14.820181,0.001127,0.000890,1.0000,1.0000,0.5016,1.2659,0.3944,0.6056
349,dns2tcp_tunnel_99911_doh5_2020-03-30t21_01_54.717326,0.001126,0.000881,1.0000,1.0000,0.4947,1.2578,0.3902,0.6098
350,dns2tcp_tunnel_99911_doh5_2020-03-30t21_24_49.513869,0.001125,0.000872,1.0000,1.0000,0.4879,1.2497,0.3861,0.6139
351,dns2tcp_tunnel_99911_doh5_2020-03-30t21_47_38.863631,0.001124,0.000863,1.0000,1.0000,0.4812,1.2415,0.3819,0.6181
352,dns2tcp_tunnel_99911_doh5_2020-03-30t22_10_18.086914,0.001123,0.000854,1.0000,1.0000,0.4745,1.2333,0.3778,0.6222
353,dns2tcp_tunnel_99911_doh5_2020-03-30t22_32_56.108044,0.001123,0.000845,1.0000,1.0000,0.4680,1.2250,0.3737,0.6263
354,dns2tcp_tunnel_99911_doh5_2020-03-30t22_55_32.999974,0.001122,0.000836,1.0000,1.0000,0.4615,1.2168,0.3696,0.6304
355,dns2tcp_tunnel_99911_doh5_2020-03-30t23_18_06.019527,0.001121,0.000828,1.0000,1.0000,0.4550,1.2084,0.3656,0.6344
356,dns2tcp_tunnel_99911_doh5_2020-03-30t23_40_38.396515,0.001120,0.000819,1.0000,1.0000,0.4487,1.2001,0.3615,0.6385
357,dns2tcp_tunnel_99911_doh5_2020-03-31t00_03_15.354847,0.001119,0.000811,1.0000,1.0000,0.4424,1.1917,0.3575,0.6425
358,dns2tcp_tunnel_99911_doh5_2020-03-31t00_25_49.767097,0.001118,0.000803,1.0000,1.0000,0.4361,1.1833,0.3535,0.6465
359,dns2tcp_tunnel_99911_doh5_2020-03-31t00_48_27.637508,0.001118,0.000795,1.0000,1.0000,0.4300,1.1748,0.3495,0.6505
360,dns2tcp_tunnel_99911_doh5_2020-03-31t01_11_06.817592,0.001117,0.000787,1.0000,1.0000,0.4239,1.1663,0.3455,0.6545
361,dns2tcp_tunnel_99911_doh5_2020-03-31t01_33_46.066319,0.001116,0.000779,1.0000,1.0000,0.4179,1.1579,0.3416,0.6584
362,dns2tcp_tunnel_99911_doh5_2020-03-31t01_56_24.704902,0.001115,0.000772,1.0000,1.0000,0.4120,1.1493,0.3377,0.6623
363,dns2tcp_tunnel_99911_doh5_2020-03-31t02_19_03.747614,0.001114,0.000764,1.0000,1.0000,0.4061,1.1408,0.3337,0.6663
364,dns2tcp_tunnel_99911_doh5_2020-03-31t02_41_43.375022,0.001114,0.000757,1.0000,1.0000,0.4003,1.1322,0.3299,0.6701
365,dns2tcp_tunnel_99911_doh5_2020-03-31t03_04_17.438184,0.001113,0.000750,1.0000,1.0000,0.3945,1.1237,0.3260,0.6740
366,dns2tcp_tunnel_99911_doh5_2020-03-31t03_26_51.885024,0.001112,0.000743,1.0000,1.0000,0.3889,1.1151,0.3222,0.6778
367,dns2tcp_tunnel_99911_doh5_2020-03-31t03_49_26.449451,0.001111,0.000735,1.0000,1.0000,0.3833,1.1065,0.3184,0.6816
368,dns2tcp_tunnel_99911_doh5_2020-03-31t04_11_59.669982,0.001110,0.000729,1.0000,1.0000,0.3777,1.0979,0.3146,0.6854
369,dns2tcp_tunnel_99911_doh5_2020-03-31t04_34_33.748488,0.001110,0.000722,1.0000,1.0000,0.3723,1.0892,0.3108,0.6892
370,dns2tcp_tunnel_99911_doh5_2020-03-31t04_57_11.040809,0.001109,0.000715,1.0000,1.0000,0.3668,1.0806,0.3071,0.6929
371,dns2tcp_tunnel_99911_doh5_2020-03-31t05_19_49.142812,0.001108,0.000709,1.0000,1.0000,0.3615,1.0720,0.3034,0.6966
372,dns2tcp_tunnel_99911_doh5_2020-03-31t05_42_26.429856,0.001107,0.000702,1.0000,1.0000,0.3562,1.0633,0.2997,0.7003
373,dns2tcp_tunnel_99911_doh5_2020-03-31t06_05_06.145780,0.001107,0.000696,1.0000,1.0000,0.3510,1.0547,0.2960,0.7040
374,dns2tcp_tunnel_99911_doh5_2020-03-31t06_27_49.316218,0.001106,0.000689,1.0000,1.0000,0.3459,1.0460,0.2924,0.7076
375,dns2tcp_tunnel_99911_doh5_2020-03-31t06_50_28.336020,0.001105,0.000683,1.0000,1.0000,0.3408,1.0374,0.2888,0.7112
376,dns2tcp_tunnel_99911_doh5_2020-03-31t07_13_07.701264,0.001104,0.000677,1.0000,1.0000,0.3358,1.0287,0.2852,0.7148
377,dns2tcp_tunnel_99911_doh5_2020-03-31t07_35_45.600036,0.001103,0.000671,1.0000,1.0000,0.3308,1.0201,0.2817,0.7183
378,dns2tcp_tunnel_99911_doh5_2020-03-31t07_58_17.815878,0.001103,0.000665,1.0000,1.0000,0.3259,1.0114,0.2781,0.7219
379,dns2tcp_tunnel_99911_doh5_2020-03-31t08_20_52.502618,0.001102,0.000660,1.0000,1.0000,0.3211,1.0028,0.2746,0.7254
380,dns2tcp_tunnel_99911_doh5_2020-03-31t08_43_32.121667,0.001101,0.000654,1.0000,1.0000,0.3163,0.9941,0.2711,0.7289
381,dns2tcp_tunnel_99911_doh5_2020-03-31t09_06_10.027745,0.001100,0.000648,1.0000,1.0000,0.3116,0.9855,0.2677,0.7323
382,dns2tcp_tunnel_99911_doh5_2020-03-31t09_28_50.280954,0.001100,0.000643,1.0000,1.0000,0.3069,0.9769,0.2643,0.7357
383,dns2tcp_tunnel_99911_doh5_2020-03-31t09_51_35.397884,0.001099,0.000637,1.0000,1.0000,0.3023,0.9683,0.2609,0.7391
384,dns2tcp_tunnel_99911_doh5_2020-03-31t10_14_20.799417,0.001098,0.000632,1.0000,1.0000,0.2978,0.9597,0.2575,0.7425
385,dns2tcp_tunnel_99911_doh5_2020-03-31t10_37_03.275345,0.001097,0.000627,1.0000,1.0000,0.2933,0.9511,0.2542,0.7458
386,dns2tcp_tunnel_99911_doh5_2020-03-31t10_59_48.557431,0.001097,0.000622,1.0000,1.0000,0.2889,0.9425,0.2509,0.7491
387,dns2tcp_tunnel_99911_doh5_2020-03-31t11_22_27.753485,0.001096,0.000617,1.0000,1.0000,0.2845,0.9340,0.2476,0.7524
388,dns2tcp_tunnel_99911_doh5_2020-03-31t11_45_08.375348,0.001095,0.000612,1.0000,1.0000,0.2802,0.9255,0.2444,0.7556
389,dns2tcp_tunnel_99911_doh5_2020-03-31t12_07_48.088881,0.001094,0.000607,1.0000,1.0000,0.2760,0.9169,0.2412,0.7588
390,dns2tcp_tunnel_99911_doh5_2020-03-31t12_30_30.166265,0.001094,0.000602,1.0000,1.0000,0.2718,0.9085,0.2380,0.7620
391,dns2tcp_tunnel_99911_doh5_2020-03-31t12_53_10.553232,0.001093,0.000597,1.0000,1.0000,0.2676,0.9000,0.2348,0.7652
392,dns2tcp_tunnel_99911_doh5_2020-03-31t13_15_51.212013,0.001092,0.000593,1.0000,1.0000,0.2635,0.8915,0.2317,0.7683
393,dns2tcp_tunnel_99911_doh5_2020-03-31t13_38_29.907342,0.001091,0.000588,1.0000,1.0000,0.2595,0.8831,0.2286,0.7714
394,dns2tcp_tunnel_99911_doh5_2020-03-31t14_01_08.024519,0.001091,0.000584,1.0000,1.0000,0.2555,0.8747,0.2255,0.7745
395,dns2tcp_tunnel_99911_doh5_2020-03-31t14_23_46.991318,0.001090,0.000579,1.0000,1.0000,0.2516,0.8664,0.2225,0.7775
396,dns2tcp_tunnel_99911_doh5_2020-03-31t14_46_23.616307,0.001089,0.000575,1.0000,1.0000,0.2478,0.8580,0.2195,0.7805
397,dns2tcp_tunnel_99911_doh5_2020-03-31t15_09_02.264522,0.001089,0.000571,1.0000,1.0000,0.2439,0.8497,0.2165,0.7835
398,dns2tcp_tunnel_99911_doh5_2020-03-31t15_31_41.157872,0.001088,0.000566,1.0000,1.0000,0.2402,0.8414,0.2135,0.7865
399,dns2tcp_tunnel_99911_doh5_2020-03-31t15_54_13.872749,0.001087,0.000562,1.0000,1.0000,0.2365,0.8332,0.2106,0.7894
400,dns2tcp_tunnel_99911_doh5_2020-03-31t16_16_48.564305,0.001086,0.000558,1.0000,1.0000,0.2328,0.8249,0.2077,0.7923
401,dns2tcp_tunnel_99911_doh5_2020-03-31t16_39_21.293795,0.001086,0.000554,1.0000,1.0000,0.2292,0.8168,0.2048,0.7952
402,dns2tcp_tunnel_99911_doh5_2020-03-31t17_01_54.440976,0.001085,0.000550,1.0000,1.0000,0.2256,0.8086,0.2020,0.7980
403,dns2tcp_tunnel_99911_doh5_2020-03-31t17_24_27.026234,0.001084,0.000547,1.0000,1.0000,0.2221,0.8005,0.1992,0.8008
404,dns2tcp_tunnel_99911_doh5_2020-03-31t17_47_00.079566,0.001083,0.000543,1.0000,1.0000,0.2187,0.7924,0.1964,0.8036
405,dns2tcp_tunnel_99911_doh5_2020-03-31t18_09_30.831527,0.001083,0.000539,1.0000,1.0000,0.2152,0.7844,0.1937,0.8063
406,dns2tcp_tunnel_99911_doh5_2020-03-31t18_32_02.653368,0.001082,0.000535,1.0000,1.0000,0.2119,0.7764,0.1909,0.8091
407,dns2tcp_tunnel_99911_doh5_2020-03-31t18_54_33.691707,0.001081,0.000532,1.0000,1.0000,0.2086,0.7684,0.1882,0.8118
408,dns2tcp_tunnel_99911_doh5_2020-03-31t19_17_02.468757,0.001081,0.000528,1.0000,1.0000,0.2053,0.7605,0.1856,0.8144
409,dns2tcp_tunnel_99911_doh5_2020-03-31t19_39_31.734409,0.001080,0.000525,1.0000,1.0000,0.2021,0.7526,0.1830,0.8170
410,dns2tcp_tunnel_99911_doh5_2020-03-31t20_02_00.448784,0.001079,0.000521,1.0000,1.0000,0.1989,0.7447,0.1804,0.8196
411,dns2tcp_tunnel_99911_doh5_2020-03-31t20_24_29.402428,0.001078,0.000518,1.0000,1.0000,0.1957,0.7369,0.1778,0.8222
412,dns2tcp_tunnel_99911_doh5_2020-03-31t20_46_58.071006,0.001078,0.000515,1.0000,1.0000,0.1927,0.7292,0.1752,0.8248
413,dns2tcp_tunnel_99911_doh5_2020-03-31t21_09_27.421183,0.001077,0.000511,1.0000,1.0000,0.1896,0.7215,0.1727,0.8273
414,dns2tcp_tunnel_99911_doh5_2020-03-31t21_31_56.060923,0.001076,0.000508,1.0000,1.0000,0.1866,0.7138,0.1702,0.8298
415,dns2tcp_tunnel_99911_doh6_2020-03-30t21_24_51.489459,0.001076,0.000505,1.0000,1.0000,0.1836,0.7062,0.1678,0.8322
416,dns2tcp_tunnel_99911_doh6_2020-03-30t21_47_39.943336,0.001075,0.000502,1.0000,1.0000,0.1807,0.6986,0.1653,0.8347
417,dns2tcp_tunnel_99911_doh6_2020-03-30t22_10_19.166754,0.001074,0.000499,1.0000,1.0000,0.1779,0.6910,0.1629,0.8371
418,dns2tcp_tunnel_99911_doh6_2020-03-30t22_32_56.725156,0.001074,0.000496,1.0000,1.0000,0.1750,0.6836,0.1606,0.8394
419,dns2tcp_tunnel_99911_doh6_2020-03-30t22_55_33.619458,0.001073,0.000493,1.0000,1.0000,0.1722,0.6761,0.1582,0.8418
420,dns2tcp_tunnel_99911_doh6_2020-03-30t23_18_06.585549,0.001072,0.000490,1.0000,1.0000,0.1695,0.6687,0.1559,0.8441
421,dns2tcp_tunnel_99911_doh6_2020-03-30t23_40_39.288373,0.001071,0.000487,1.0000,1.0000,0.1668,0.6614,0.1536,0.8464
422,dns2tcp_tunnel_99911_doh6_2020-03-31t00_03_16.099192,0.001071,0.000484,1.0000,1.0000,0.1641,0.6541,0.1513,0.8487
423,dns2tcp_tunnel_99911_doh6_2020-03-31t00_25_50.546561,0.001070,0.000481,1.0000,1.0000,0.1615,0.6468,0.1491,0.8509
424,dns2tcp_tunnel_99911_doh6_2020-03-31t00_48_28.686991,0.001069,0.000479,1.0000,1.0000,0.1589,0.6396,0.1469,0.8531
425,dns2tcp_tunnel_99911_doh6_2020-03-31t01_11_07.748215,0.001068,0.000476,1.0000,1.0000,0.1563,0.6325,0.1447,0.8553
426,dns2tcp_tunnel_99911_doh6_2020-03-31t01_33_46.956507,0.001068,0.000473,1.0000,1.0000,0.1538,0.6254,0.1426,0.8574
427,dns2tcp_tunnel_99911_doh6_2020-03-31t01_56_25.850655,0.001067,0.000471,1.0000,1.0000,0.1513,0.6183,0.1404,0.8596
428,dns2tcp_tunnel_99911_doh6_2020-03-31t02_19_05.121578,0.001066,0.000468,1.0000,1.0000,0.1489,0.6113,0.1383,0.8617
429,dns2tcp_tunnel_99911_doh6_2020-03-31t02_41_44.145998,0.001066,0.000466,1.0000,1.0000,0.1465,0.6044,0.1363,0.8637
430,dns2tcp_tunnel_99911_doh6_2020-03-31t03_04_18.233861,0.001065,0.000463,1.0000,1.0000,0.1441,0.5975,0.1342,0.8658
431,dns2tcp_tunnel_99911_doh6_2020-03-31t03_26_52.536922,0.001064,0.000461,1.0000,1.0000,0.1418,0.5907,0.1322,0.8678
432,dns2tcp_tunnel_99911_doh6_2020-03-31t03_49_27.316622,0.001064,0.000458,1.0000,1.0000,0.1395,0.5839,0.1302,0.8698
433,dns2tcp_tunnel_99911_doh6_2020-03-31t04_12_00.383468,0.001063,0.000456,1.0000,1.0000,0.1372,0.5771,0.1282,0.8718
434,dns2tcp_tunnel_99911_doh6_2020-03-31t04_34_34.445292,0.001062,0.000454,1.0000,1.0000,0.1350,0.5705,0.1263,0.8737
435,dns2tcp_tunnel_99911_doh6_2020-03-31t04_57_11.803400,0.001062,0.000451,1.0000,1.0000,0.1328,0.5638,0.1244,0.8756
436,dns2tcp_tunnel_99911_doh6_2020-03-31t05_19_49.945770,0.001061,0.000449,1.0000,1.0000,0.1306,0.5572,0.1225,0.8775
437,dns2tcp_tunnel_99911_doh6_2020-03-31t05_42_27.291374,0.001060,0.000447,1.0000,1.0000,0.1285,0.5507,0.1206,0.8794
438,dns2tcp_tunnel_99911_doh6_2020-03-31t06_05_07.152498,0.001059,0.000445,1.0000,1.0000,0.1264,0.5443,0.1188,0.8812
439,dns2tcp_tunnel_99911_doh6_2020-03-31t06_27_50.264106,0.001059,0.000443,1.0000,1.0000,0.1244,0.5378,0.1169,0.8831
440,dns2tcp_tunnel_99911_doh6_2020-03-31t06_50_29.179761,0.001058,0.000440,1.0000,1.0000,0.1223,0.5315,0.1151,0.8849
441,dns2tcp_tunnel_99911_doh6_2020-03-31t07_13_08.585381,0.001057,0.000438,1.0000,1.0000,0.1203,0.5252,0.1134,0.8866
442,dns2tcp_tunnel_99911_doh6_2020-03-31t07_35_46.193424,0.001057,0.000436,1.0000,1.0000,0.1184,0.5189,0.1116,0.8884
443,dns2tcp_tunnel_99911_doh6_2020-03-31t07_58_18.398947,0.001056,0.000434,1.0000,1.0000,0.1164,0.5127,0.1099,0.8901
444,dns2tcp_tunnel_99911_doh6_2020-03-31t08_20_53.437924,0.001055,0.000432,1.0000,1.0000,0.1145,0.5066,0.1082,0.8918
445,dns2tcp_tunnel_99911_doh6_2020-03-31t08_43_32.683927,0.001055,0.000430,1.0000,1.0000,0.1126,0.5005,0.1065,0.8935
446,dns2tcp_tunnel_99911_doh6_2020-03-31t09_06_10.840382,0.001054,0.000428,1.0000,1.0000,0.1108,0.4944,0.1049,0.8951
447,dns2tcp_tunnel_99911_doh6_2020-03-31t09_28_51.098248,0.001053,0.000427,1.0000,1.0000,0.1090,0.4885,0.1032,0.8968
448,dns2tcp_tunnel_99911_doh6_2020-03-31t09_51_36.341084,0.001052,0.000425,1.0000,1.0000,0.1072,0.4825,0.1016,0.8984
449,dns2tcp_tunnel_99911_doh6_2020-03-31t10_14_21.755037,0.001052,0.000423,1.0000,1.0000,0.1054,0.4767,0.1000,0.9000
450,dns2tcp_tunnel_99911_doh6_2020-03-31t10_37_04.205773,0.001051,0.000421,1.0000,1.0000,0.1037,0.4708,0.0985,0.9015
451,dns2tcp_tunnel_99911_doh6_2020-03-31t10_59_49.665077,0.001050,0.000419,1.0000,1.0000,0.1019,0.4651,0.0969,0.9031
452,dns2tcp_tunnel_99911_doh6_2020-03-31t11_22_28.592219,0.001050,0.000417,1.0000,1.0000,0.1003,0.4594,0.0954,0.9046
453,dns2tcp_tunnel_99911_doh6_2020-03-31t11_45_09.251008,0.001049,0.000416,1.0000,1.0000,0.0986,0.4537,0.0939,0.9061
454,dns2tcp_tunnel_99911_doh6_2020-03-31t12_07_48.711499,0.001048,0.000414,1.0000,1.0000,0.0970,0.4481,0.0924,0.9076
455,dns2tcp_tunnel_99911_doh6_2020-03-31t12_30_30.866459,0.001048,0.000412,1.0000,1.0000,0.0954,0.4426,0.0910,0.9090
456,dns2tcp_tunnel_99911_doh6_2020-03-31t12_53_11.392993,0.001047,0.000411,1.0000,1.0000,0.0938,0.4371,0.0895,0.9105
457,dns2tcp_tunnel_99911_doh6_2020-03-31t13_15_51.874625,0.001046,0.000409,1.0000,1.0000,0.0922,0.4316,0.0881,0.9119
458,dns2tcp_tunnel_99911_doh6_2020-03-31t13_38_30.623894,0.001046,0.000407,1.0000,1.0000,0.0907,0.4262,0.0867,0.9133
459,dns2tcp_tunnel_99911_doh6_2020-03-31t14_01_08.965757,0.001045,0.000406,1.0000,1.0000,0.0892,0.4209,0.0853,0.9147
460,dns2tcp_tunnel_99911_doh6_2020-03-31t14_23_47.918870,0.001044,0.000404,1.0000,1.0000,0.0877,0.4156,0.0840,0.9160
461,dns2tcp_tunnel_99911_doh6_2020-03-31t14_46_24.297561,0.001044,0.000403,1.0000,1.0000,0.0863,0.4104,0.0826,0.9174
462,dns2tcp_tunnel_99911_doh6_2020-03-31t15_09_02.921119,0.001043,0.000401,1.0000,1.0000,0.0848,0.4052,0.0813,0.9187
463,dns2tcp_tunnel_99911_doh6_2020-03-31t15_31_41.724959,0.001042,0.000400,1.0000,1.0000,0.0834,0.4001,0.0800,0.9200
464,dns2tcp_tunnel_99911_doh6_2020-03-31t15_54_14.943769,0.001041,0.000398,1.0000,1.0000,0.0820,0.3950,0.0787,0.9213
465,dns2tcp_tunnel_99911_doh6_2020-03-31t16_16_49.137404,0.001041,0.000397,1.0000,1.0000,0.0806,0.3900,0.0775,0.9225
466,dns2tcp_tunnel_99911_doh6_2020-03-31t16_39_21.923638,0.001040,0.000395,1.0000,1.0000,0.0793,0.3850,0.0762,0.9238
467,dns2tcp_tunnel_99911_doh6_2020-03-31t17_01_55.035405,0.001039,0.000394,1.0000,1.0000,0.0780,0.3801,0.0750,0.9250
468,dns2tcp_tunnel_99911_doh6_2020-03-31t17_24_27.823226,0.001039,0.000393,1.0000,1.0000,0.0767,0.3752,0.0738,0.9262
469,dns2tcp_tunnel_99911_doh6_2020-03-31t17_47_00.668252,0.001038,0.000391,1.0000,1.0000,0.0754,0.3704,0.0726,0.9274
470,dns2tcp_tunnel_99911_doh6_2020-03-31t18_09_31.553417,0.001037,0.000390,1.0000,1.0000,0.0741,0.3657,0.0714,0.9286
471,dns2tcp_tunnel_99911_doh6_2020-03-31t18_32_03.330213,0.001037,0.000389,1.0000,1.0000,0.0729,0.3609,0.0703,0.9297
472,dns2tcp_tunnel_99911_doh6_2020-03-31t18_54_34.270791,0.001036,0.000387,1.0000,1.0000,0.0717,0.3563,0.0692,0.9308
473,dns2tcp_tunnel_99911_doh6_2020-03-31t19_17_03.145439,0.001035,0.000386,1.0000,1.0000,0.0705,0.3517,0.0680,0.9320
474,dns2tcp_tunnel_99911_doh6_2020-03-31t19_39_32.292510,0.001035,0.000385,1.0000,1.0000,0.0693,0.3471,0.0669,0.9331
475,dns2tcp_tunnel_99911_doh6_2020-03-31t20_02_00.977419,0.001034,0.000383,1.0000,1.0000,0.0681,0.3426,0.0659,0.9341
476,dns2tcp_tunnel_99911_doh6_2020-03-31t20_24_29.967299,0.001033,0.000382,1.0000,1.0000,0.0670,0.3381,0.0648,0.9352
477,dns2tcp_tunnel_99911_doh6_2020-03-31t20_46_58.632290,0.001033,0.000381,1.0000,1.0000,0.0658,0.3337,0.0637,0.9363
478,dns2tcp_tunnel_99911_doh6_2020-03-31t21_09_27.980171,0.001032,0.000380,1.0000,1.0000,0.0647,0.3293,0.0627,0.9373
479,dns2tcp_tunnel_99911_doh6_2020-03-31t21_31_56.616700,0.001031,0.000378,1.0000,1.0000,0.0637,0.3250,0.0617,0.9383
480,dns2tcp_tunnel_99911_doh7_2020-03-30t20_14_49.173267,0.001031,0.000377,1.0000,1.0000,0.0626,0.3208,0.0607,0.9393
481,dns2tcp_tunnel_99911_doh7_2020-03-30t21_01_59.671719,0.001030,0.000376,1.0000,1.0000,0.0615,0.3165,0.0597,0.9403
482,dns2tcp_tunnel_99911_doh7_2020-03-30t21_24_52.943488,0.001029,0.000375,1.0000,1.0000,0.0605,0.3124,0.0587,0.9413
483,dns2tcp_tunnel_99911_doh7_2020-03-30t21_47_41.385441,0.001028,0.000374,1.0000,1.0000,0.0595,0.3082,0.0577,0.9423
484,dns2tcp_tunnel_99911_doh7_2020-03-30t22_10_20.561488,0.001028,0.000373,1.0000,1.0000,0.0585,0.3042,0.0568,0.9432
485,dns2tcp_tunnel_99911_doh7_2020-03-30t22_32_57.357800,0.001027,0.000372,1.0000,1.0000,0.0575,0.3001,0.0559,0.9441
486,dns2tcp_tunnel_99911_doh7_2020-03-30t22_55_34.443823,0.001027,0.000371,1.0000,1.0000,0.0565,0.2961,0.0549,0.9451
487,dns2tcp_tunnel_99911_doh7_2020-03-30t23_18_07.368184,0.001026,0.000370,1.0000,1.0000,0.0556,0.2922,0.0540,0.9460
488,dns2tcp_tunnel_99911_doh7_2020-03-30t23_40_39.890364,0.001025,0.000369,1.0000,1.0000,0.0546,0.2883,0.0532,0.9468
489,dns2tcp_tunnel_99911_doh7_2020-03-31t00_03_16.805639,0.001024,0.000368,1.0000,1.0000,0.0537,0.2845,0.0523,0.9477
490,dns2tcp_tunnel_99911_doh7_2020-03-31t00_25_51.347577,0.001024,0.000366,1.0000,1.0000,0.0528,0.2806,0.0514,0.9486
491,dns2tcp_tunnel_99911_doh7_2020-03-31t00_48_29.523207,0.001023,0.000365,1.0000,1.0000,0.0519,0.2769,0.0506,0.9494
492,dns2tcp_tunnel_99911_doh7_2020-03-31t01_11_08.492820,0.001022,0.000364,1.0000,1.0000,0.0510,0.2732,0.0497,0.9503
493,dns2tcp_tunnel_99911_doh7_2020-03-31t01_33_47.857093,0.001022,0.000363,1.0000,1.0000,0.0502,0.2695,0.0489,0.9511
494,dns2tcp_tunnel_99911_doh7_2020-03-31t01_56_26.557187,0.001021,0.000363,1.0000,1.0000,0.0493,0.2659,0.0481,0.9519
495,dns2tcp_tunnel_99911_doh7_2020-03-31t02_19_05.764946,0.001020,0.000362,1.0000,1.0000,0.0485,0.2623,0.0473,0.9527
496,dns2tcp_tunnel_99911_doh7_2020-03-31t02_41_44.830593,0.001020,0.000361,1.0000,1.0000,0.0476,0.2587,0.0465,0.9535
497,dns2tcp_tunnel_99911_doh7_2020-03-31t03_04_18.957268,0.001019,0.000360,1.0000,1.0000,0.0468,0.2552,0.0458,0.9542
498,dns2tcp_tunnel_99911_doh7_2020-03-31t03_26_53.437918,0.001018,0.000359,1.0000,1.0000,0.0460,0.2518,0.0450,0.9550
499,dns2tcp_tunnel_99911_doh7_2020-03-31t03_49_27.914193,0.001018,0.000358,1.0000,1.0000,0.0453,0.2483,0.0443,0.9557
500,dns2tcp_tunnel_99911_doh7_2020-03-31t04_12_00.913995,0.001017,0.000357,1.0000,1.0000,0.0445,0.2450,0.0435,0.9565
501,dns2tcp_tunnel_99911_doh7_2020-03-31t04_34_35.132493,0.001016,0.000356,1.0000,1.0000,0.0437,0.2416,0.0428,0.9572
502,dns2tcp_tunnel_99911_doh7_2020-03-31t04_57_12.722590,0.001015,0.000355,1.0000,1.0000,0.0430,0.2383,0.0421,0.9579
503,dns2tcp_tunnel_99911_doh7_2020-03-31t05_19_50.610860,0.001015,0.000354,1.0000,1.0000,0.0423,0.2351,0.0414,0.9586
504,dns2tcp_tunnel_99911_doh7_2020-03-31t05_42_28.386711,0.001014,0.000353,1.0000,1.0000,0.0415,0.2319,0.0407,0.9593
505,dns2tcp_tunnel_99911_doh7_2020-03-31t06_05_08.422722,0.001013,0.000353,1.0000,1.0000,0.0408,0.2287,0.0400,0.9600
506,dns2tcp_tunnel_99911_doh7_2020-03-31t06_27_51.129008,0.001013,0.000352,1.0000,1.0000,0.0401,0.2256,0.0393,0.9607
507,dns2tcp_tunnel_99911_doh7_2020-03-31t06_50_30.080642,0.001012,0.000351,1.0000,1.0000,0.0395,0.2225,0.0387,0.9613
508,dns2tcp_tunnel_99911_doh7_2020-03-31t07_13_09.652235,0.001011,0.000350,1.0000,1.0000,0.0388,0.2194,0.0380,0.9620
509,dns2tcp_tunnel_99911_doh7_2020-03-31t07_35_46.829022,0.001011,0.000349,1.0000,1.0000,0.0381,0.2164,0.0374,0.9626
510,dns2tcp_tunnel_99911_doh7_2020-03-31t07_58_19.114052,0.001010,0.000348,1.0000,1.0000,0.0375,0.2134,0.0368,0.9632
511,dns2tcp_tunnel_99911_doh7_2020-03-31t08_20_54.395084,0.001009,0.000348,1.0000,1.0000,0.0368,0.2104,0.0362,0.9638
512,dns2tcp_tunnel_99911_doh7_2020-03-31t08_43_33.376821,0.001009,0.000347,1.0000,1.0000,0.0362,0.2075,0.0356,0.9644
513,dns2tcp_tunnel_99911_doh7_2020-03-31t09_06_11.595774,0.001008,0.000346,1.0000,1.0000,0.0356,0.2047,0.0350,0.9650
514,dns2tcp_tunnel_99911_doh7_2020-03-31t09_28_51.810309,0.001007,0.000345,1.0000,1.0000,0.0350,0.2018,0.0344,0.9656
515,dns2tcp_tunnel_99911_doh7_2020-03-31t09_51_37.443737,0.001007,0.000345,1.0000,1.0000,0.0344,0.1990,0.0338,0.9662
516,dns2tcp_tunnel_99911_doh7_2020-03-31t10_14_22.550361,0.001006,0.000344,1.0000,1.0000,0.0338,0.1962,0.0332,0.9668
517,dns2tcp_tunnel_99911_doh7_2020-03-31t10_37_05.342808,0.001005,0.000343,1.0000,1.0000,0.0332,0.1935,0.0327,0.9673
518,dns2tcp_tunnel_99911_doh7_2020-03-31t10_59_50.655419,0.001004,0.000342,1.0000,1.0000,0.0327,0.1908,0.0321,0.9679
519,dns2tcp_tunnel_99911_doh7_2020-03-31t11_22_29.239699,0.001004,0.000342,1.0000,1.0000,0.0321,0.1881,0.0316,0.9684
520,dns2tcp_tunnel_99911_doh7_2020-03-31t11_45_10.118117,0.001003,0.000341,1.0000,1.0000,0.0315,0.1855,0.0311,0.9689
521,dns2tcp_tunnel_99911_doh7_2020-03-31t12_07_49.916638,0.001002,0.000340,1.0000,1.0000,0.0310,0.1829,0.0305,0.9695
522,dns2tcp_tunnel_99911_doh7_2020-03-31t12_30_31.671923,0.001002,0.000340,1.0000,1.0000,0.0305,0.1804,0.0300,0.9700
523,dns2tcp_tunnel_99911_doh7_2020-03-31t12_53_12.507754,0.001001,0.000339,1.0000,1.0000,0.0300,0.1778,0.0295,0.9705
524,dns2tcp_tunnel_99911_doh7_2020-03-31t13_15_52.638600,0.001000,0.000338,1.0000,1.0000,0.0294,0.1753,0.0290,0.9710
525,dns2tcp_tunnel_99911_doh7_2020-03-31t13_38_31.288210,0.001000,0.000338,1.0000,1.0000,0.0289,0.1729,0.0285,0.9715
526,dns2tcp_tunnel_99911_doh7_2020-03-31t14_01_09.804392,0.000999,0.000337,1.0000,1.0000,0.0284,0.1704,0.0280,0.9720
527,dns2tcp_tunnel_99911_doh7_2020-03-31t14_23_48.878151,0.000998,0.000336,1.0000,1.0000,0.0280,0.1680,0.0276,0.9724
528,dns2tcp_tunnel_99911_doh7_2020-03-31t14_46_24.950370,0.000998,0.000336,1.0000,1.0000,0.0275,0.1657,0.0271,0.9729
529,dns2tcp_tunnel_99911_doh7_2020-03-31t15_09_03.780880,0.000997,0.000335,1.0000,1.0000,0.0270,0.1633,0.0266,0.9734
530,dns2tcp_tunnel_99911_doh7_2020-03-31t15_31_42.365922,0.000996,0.000334,1.0000,1.0000,0.0265,0.1610,0.0262,0.9738
531,dns2tcp_tunnel_99911_doh7_2020-03-31t15_54_15.540254,0.000995,0.000334,1.0000,1.0000,0.0261,0.1587,0.0258,0.9742
532,dns2tcp_tunnel_99911_doh7_2020-03-31t16_16_49.699273,0.000995,0.000333,1.0000,1.0000,0.0256,0.1565,0.0253,0.9747
533,dns2tcp_tunnel_99911_doh7_2020-03-31t16_39_22.774564,0.000994,0.000332,1.0000,1.0000,0.0252,0.1543,0.0249,0.9751
534,dns2tcp_tunnel_99911_doh7_2020-03-31t17_01_55.644383,0.000993,0.000332,1.0000,1.0000,0.0248,0.1521,0.0245,0.9755
535,dns2tcp_tunnel_99911_doh7_2020-03-31t17_24_28.548213,0.000993,0.000331,1.0000,1.0000,0.0243,0.1499,0.0241,0.9759
536,dns2tcp_tunnel_99911_doh7_2020-03-31t17_47_01.366984,0.000992,0.000331,1.0000,1.0000,0.0239,0.1478,0.0236,0.9764
537,dns2tcp_tunnel_99911_doh7_2020-03-31t18_09_32.173254,0.000991,0.000330,1.0000,1.0000,0.0235,0.1457,0.0232,0.9768
538,dns2tcp_tunnel_99911_doh7_2020-03-31t18_32_04.105361,0.000991,0.000329,1.0000,1.0000,0.0231,0.1436,0.0228,0.9772
539,dns2tcp_tunnel_99911_doh7_2020-03-31t18_54_34.834488,0.000990,0.000329,1.0000,1.0000,0.0227,0.1416,0.0225,0.9775
540,dns2tcp_tunnel_99911_doh7_2020-03-31t19_17_03.735558,0.000989,0.000328,1.0000,1.0000,0.0223,0.1396,0.0221,0.9779
541,dns2tcp_tunnel_99911_doh7_2020-03-31t19_39_32.862246,0.000989,0.000328,1.0000,1.0000,0.0219,0.1376,0.0217,0.9783
542,dns2tcp_tunnel_99911_doh7_2020-03-31t20_02_01.591641,0.000988,0.000327,1.0000,1.0000,0.0216,0.1356,0.0213,0.9787
543,dns2tcp_tunnel_99911_doh7_2020-03-31t20_24_30.542131,0.000987,0.000327,1.0000,1.0000,0.0212,0.1336,0.0210,0.9790
544,dns2tcp_tunnel_99911_doh7_2020-03-31t20_46_59.214894,0.000987,0.000326,1.0000,1.0000,0.0208,0.1317,0.0206,0.9794
545,dns2tcp_tunnel_99911_doh7_2020-03-31t21_09_28.551211,0.000986,0.000325,1.0000,1.0000,0.0205,0.1298,0.0203,0.9797
546,dns2tcp_tunnel_99911_doh7_2020-03-31t21_31_57.172591,0.000985,0.000325,1.0000,1.0000,0.0201,0.1280,0.0199,0.9801
547,dns2tcp_tunnel_99911_doh8_2020-03-30t20_14_51.470608,0.000984,0.000324,1.0000,1.0000,0.0198,0.1261,0.0196,0.9804
548,dns2tcp_tunnel_99911_doh8_2020-03-30t21_02_00.738486,0.000984,0.000323,1.0000,1.0000,0.0194,0.1243,0.0192,0.9808
549,dns2tcp_tunnel_99911_doh8_2020-03-30t21_24_54.576323,0.000983,0.000323,1.0000,1.0000,0.0191,0.1225,0.0189,0.9811
550,dns2tcp_tunnel_99911_doh8_2020-03-30t21_47_42.421408,0.000983,0.000322,1.0000,1.0000,0.0188,0.1208,0.0186,0.9814
551,dns2tcp_tunnel_99911_doh8_2020-03-30t22_10_21.266576,0.000982,0.000322,1.0000,1.0000,0.0184,0.1190,0.0183,0.9817
552,dns2tcp_tunnel_99911_doh8_2020-03-30t22_32_57.993146,0.000981,0.000321,1.0000,1.0000,0.0181,0.1173,0.0180,0.9820
553,dns2tcp_tunnel_99911_doh8_2020-03-30t22_55_35.132123,0.000980,0.000321,1.0000,1.0000,0.0178,0.1156,0.0177,0.9823
554,dns2tcp_tunnel_99911_doh8_2020-03-30t23_18_07.928481,0.000980,0.000320,1.0000,1.0000,0.0175,0.1140,0.0174,0.9826
555,dns2tcp_tunnel_99911_doh8_2020-03-30t23_40_40.624138,0.000979,0.000320,1.0000,1.0000,0.0172,0.1123,0.0171,0.9829
556,dns2tcp_tunnel_99911_doh8_2020-03-31t00_03_17.611011,0.000978,0.000319,1.0000,1.0000,0.0169,0.1107,0.0168,0.9832
557,dns2tcp_tunnel_99911_doh8_2020-03-31t00_25_52.100308,0.000978,0.000319,1.0000,1.0000,0.0166,0.1091,0.0165,0.9835
558,dns2tcp_tunnel_99911_doh8_2020-03-31t00_48_30.411379,0.000977,0.000318,1.0000,1.0000,0.0163,0.1075,0.0162,0.9838
559,dns2tcp_tunnel_99911_doh8_2020-03-31t01_11_09.393319,0.000976,0.000318,1.0000,1.0000,0.0161,0.1059,0.0159,0.9841
560,dns2tcp_tunnel_99911_doh8_2020-03-31t01_33_48.724025,0.000976,0.000317,1.0000,1.0000,0.0158,0.1044,0.0157,0.9843
561,dns2tcp_tunnel_99911_doh8_2020-03-31t01_56_27.250018,0.000975,0.000316,1.0000,1.0000,0.0155,0.1029,0.0154,0.9846
562,dns2tcp_tunnel_99911_doh8_2020-03-31t02_19_06.595866,0.000974,0.000316,1.0000,1.0000,0.0152,0.1014,0.0151,0.9849
563,dns2tcp_tunnel_99911_doh8_2020-03-31t02_41_45.639382,0.000973,0.000315,1.0000,1.0000,0.0150,0.0999,0.0149,0.9851
564,dns2tcp_tunnel_99911_doh8_2020-03-31t03_04_19.589257,0.000973,0.000315,1.0000,1.0000,0.0147,0.0985,0.0146,0.9854
565,dns2tcp_tunnel_99911_doh8_2020-03-31t03_26_54.056503,0.000972,0.000314,1.0000,1.0000,0.0145,0.0970,0.0144,0.9856
566,dns2tcp_tunnel_99911_doh8_2020-03-31t03_49_28.584063,0.000971,0.000314,1.0000,1.0000,0.0142,0.0956,0.0141,0.9859
567,dns2tcp_tunnel_99911_doh8_2020-03-31t04_12_01.651240,0.000971,0.000314,1.0000,1.0000,0.0140,0.0942,0.0139,0.9861
568,dns2tcp_tunnel_99911_doh8_2020-03-31t04_34_36.083477,0.000970,0.000313,1.0000,1.0000,0.0137,0.0928,0.0136,0.9864
569,dns2tcp_tunnel_99911_doh8_2020-03-31t04_57_13.425380,0.000969,0.000313,1.0000,1.0000,0.0135,0.0915,0.0134,0.9866
570,dns2tcp_tunnel_99911_doh8_2020-03-31t05_19_51.230217,0.000969,0.000312,1.0000,1.0000,0.0133,0.0901,0.0132,0.9868
571,dns2tcp_tunnel_99911_doh8_2020-03-31t05_42_29.262438,0.000968,0.000311,1.0000,1.0000,0.0130,0.0888,0.0129,0.9871
572,dns2tcp_tunnel_99911_doh8_2020-03-31t06_05_09.628915,0.000967,0.000311,1.0000,1.0000,0.0128,0.0875,0.0127,0.9873
573,dns2tcp_tunnel_99911_doh8_2020-03-31t06_27_51.806402,0.000966,0.000311,1.0000,1.0000,0.0126,0.0862,0.0125,0.9875
574,dns2tcp_tunnel_99911_doh8_2020-03-31t06_50_30.771926,0.000966,0.000310,1.0000,1.0000,0.0124,0.0850,0.0123,0.9877
575,dns2tcp_tunnel_99911_doh8_2020-03-31t07_13_10.572225,0.000965,0.000310,1.0000,1.0000,0.0122,0.0837,0.0121,0.9879
576,dns2tcp_tunnel_99911_doh8_2020-03-31t07_35_47.510815,0.000964,0.000309,1.0000,1.0000,0.0119,0.0825,0.0119,0.9881
577,dns2tcp_tunnel_99911_doh8_2020-03-31t07_58_19.750520,0.000964,0.000309,1.0000,1.0000,0.0117,0.0813,0.0117,0.9883
578,dns2tcp_tunnel_99911_doh8_2020-03-31t08_20_55.163890,0.000963,0.000308,1.0000,1.0000,0.0115,0.0801,0.0115,0.9885
579,dns2tcp_tunnel_99911_doh8_2020-03-31t08_43_34.038675,0.000962,0.000308,1.0000,1.0000,0.0113,0.0789,0.0113,0.9887
580,dns2tcp_tunnel_99911_doh8_2020-03-31t09_06_12.592040,0.000962,0.000307,1.0000,1.0000,0.0111,0.0778,0.0111,0.9889
581,dns2tcp_tunnel_99911_doh8_2020-03-31t09_28_52.613583,0.000961,0.000307,1.0000,1.0000,0.0110,0.0766,0.0109,0.9891
582,dns2tcp_tunnel_99911_doh8_2020-03-31t09_51_38.241947,0.000960,0.000307,1.0000,1.0000,0.0108,0.0755,0.0107,0.9893
583,dns2tcp_tunnel_99911_doh8_2020-03-31t10_14_23.310072,0.000960,0.000306,1.0000,1.0000,0.0106,0.0744,0.0105,0.9895
584,dns2tcp_tunnel_99911_doh8_2020-03-31t10_37_06.125652,0.000959,0.000306,1.0000,1.0000,0.0104,0.0733,0.0103,0.9897
585,dns2tcp_tunnel_99911_doh8_2020-03-31t10_59_51.615780,0.000958,0.000305,1.0000,1.0000,0.0102,0.0722,0.0102,0.9898
586,dns2tcp_tunnel_99911_doh8_2020-03-31t11_22_30.033636,0.000957,0.000305,1.0000,1.0000,0.0100,0.0711,0.0100,0.9900
587,dns2tcp_tunnel_99911_doh8_2020-03-31t11_45_11.186864,0.000957,0.000304,1.0000,1.0000,0.0099,0.0701,0.0098,0.9902
588,dns2tcp_tunnel_99911_doh8_2020-03-31t12_07_50.869515,0.000956,0.000304,1.0000,1.0000,0.0097,0.0690,0.0096,0.9904
589,dns2tcp_tunnel_99911_doh8_2020-03-31t12_30_32.703291,0.000955,0.000303,1.0000,1.0000,0.0095,0.0680,0.0095,0.9905
590,dns2tcp_tunnel_99911_doh8_2020-03-31t12_53_13.269707,0.000955,0.000303,1.0000,1.0000,0.0094,0.0670,0.0093,0.9907
591,dns2tcp_tunnel_99911_doh8_2020-03-31t13_15_53.269026,0.000954,0.000303,1.0000,1.0000,0.0092,0.0660,0.0092,0.9908
592,dns2tcp_tunnel_99911_doh8_2020-03-31t13_38_32.046407,0.000953,0.000302,1.0000,1.0000,0.0090,0.0650,0.0090,0.9910
593,dns2tcp_tunnel_99911_doh8_2020-03-31t14_01_10.712396,0.000952,0.000302,1.0000,1.0000,0.0089,0.0641,0.0088,0.9912
594,dns2tcp_tunnel_99911_doh8_2020-03-31t14_23_49.759990,0.000952,0.000301,1.0000,1.0000,0.0087,0.0631,0.0087,0.9913
595,dns2tcp_tunnel_99911_doh8_2020-03-31t14_46_26.222137,0.000951,0.000301,1.0000,1.0000,0.0086,0.0622,0.0085,0.9915
596,dns2tcp_tunnel_99911_doh8_2020-03-31t15_09_04.441514,0.000950,0.000301,1.0000,1.0000,0.0084,0.0613,0.0084,0.9916
597,dns2tcp_tunnel_99911_doh8_2020-03-31t15_31_42.999338,0.000950,0.000300,1.0000,1.0000,0.0083,0.0603,0.0083,0.9917
598,dns2tcp_tunnel_99911_doh8_2020-03-31t15_54_16.139731,0.000949,0.000300,1.0000,1.0000,0.0081,0.0594,0.0081,0.9919
599,dns2tcp_tunnel_99911_doh8_2020-03-31t16_16_50.343739,0.000948,0.000299,1.0000,1.0000,0.0080,0.0586,0.0080,0.9920
600,dns2tcp_tunnel_99911_doh8_2020-03-31t16_39_23.350801,0.000948,0.000299,1.0000,1.0000,0.0079,0.0577,0.0078,0.9922
601,dns2tcp_tunnel_99911_doh8_2020-03-31t17_01_56.292157,0.000947,0.000298,1.0000,1.0000,0.0077,0.0568,0.0077,0.9923
602,dns2tcp_tunnel_99911_doh8_2020-03-31t17_24_29.234105,0.000946,0.000298,1.0000,1.0000,0.0076,0.0560,0.0076,0.9924
603,dns2tcp_tunnel_99911_doh8_2020-03-31t17_47_01.964264,0.000946,0.000298,1.0000,1.0000,0.0075,0.0551,0.0074,0.9926
604,dns2tcp_tunnel_99911_doh8_2020-03-31t18_09_32.816870,0.000945,0.000297,1.0000,1.0000,0.0073,0.0543,0.0073,0.9927
605,dns2tcp_tunnel_99911_doh8_2020-03-31t18_32_04.737407,0.000944,0.000297,1.0000,1.0000,0.0072,0.0535,0.0072,0.9928
606,dns2tcp_tunnel_99911_doh8_2020-03-31t18_54_35.402265,0.000943,0.000296,1.0000,1.0000,0.0071,0.0527,0.0071,0.9929
607,dns2tcp_tunnel_99911_doh8_2020-03-31t19_17_04.309083,0.000943,0.000296,1.0000,1.0000,0.0070,0.0519,0.0069,0.9931
608,dns2tcp_tunnel_99911_doh8_2020-03-31t19_39_33.420257,0.000942,0.000295,1.0000,1.0000,0.0068,0.0512,0.0068,0.9932
609,dns2tcp_tunnel_99911_doh8_2020-03-31t20_02_02.137655,0.000941,0.000295,1.0000,1.0000,0.0067,0.0504,0.0067,0.9933
610,dns2tcp_tunnel_99911_doh8_2020-03-31t20_24_31.131069,0.000941,0.000295,1.0000,1.0000,0.0066,0.0496,0.0066,0.9934
611,dns2tcp_tunnel_99911_doh8_2020-03-31t20_46_59.777602,0.000940,0.000294,1.0000,1.0000,0.0065,0.0489,0.0065,0.9935
612,dns2tcp_tunnel_99911_doh8_2020-03-31t21_09_29.104274,0.000939,0.000294,1.0000,1.0000,0.0064,0.0482,0.0064,0.9936
613,dns2tcp_tunnel_99911_doh8_2020-03-31t21_31_57.734655,0.000938,0.000293,1.0000,1.0000,0.0063,0.0474,0.0062,0.9938
614,dns2tcp_tunnel_99911_doh9_2020-03-30t20_14_52.809596,0.000938,0.000293,1.0000,1.0000,0.0062,0.0467,0.0061,0.9939
615,dns2tcp_tunnel_99911_doh9_2020-03-30t21_02_02.760741,0.000937,0.000292,1.0000,1.0000,0.0061,0.0460,0.0060,0.9940
616,dns2tcp_tunnel_99911_doh9_2020-03-30t21_24_56.147351,0.000936,0.000292,1.0000,1.0000,0.0059,0.0453,0.0059,0.9941
617,dns2tcp_tunnel_99911_doh9_2020-03-30t21_47_43.620073,0.000936,0.000291,1.0000,1.0000,0.0058,0.0447,0.0058,0.9942
618,dns2tcp_tunnel_99911_doh9_2020-03-30t22_10_22.485082,0.000935,0.000291,1.0000,1.0000,0.0057,0.0440,0.0057,0.9943
619,dns2tcp_tunnel_99911_doh9_2020-03-30t22_32_58.926092,0.000934,0.000291,1.0000,1.0000,0.0056,0.0433,0.0056,0.9944
620,dns2tcp_tunnel_99911_doh9_2020-03-30t22_55_35.922582,0.000934,0.000290,1.0000,1.0000,0.0055,0.0427,0.0055,0.9945
621,dns2tcp_tunnel_99911_doh9_2020-03-30t23_18_08.456445,0.000933,0.000290,1.0000,1.0000,0.0055,0.0420,0.0054,0.9946
622,dns2tcp_tunnel_99911_doh9_2020-03-30t23_40_41.304006,0.000932,0.000289,1.0000,1.0000,0.0054,0.0414,0.0053,0.9947
623,dns2tcp_tunnel_99911_doh9_2020-03-31t00_03_18.385040,0.000931,0.000289,1.0000,1.0000,0.0053,0.0408,0.0052,0.9948
624,dns2tcp_tunnel_99911_doh9_2020-03-31t00_25_52.792677,0.000931,0.000289,1.0000,1.0000,0.0052,0.0402,0.0052,0.9948
625,dns2tcp_tunnel_99911_doh9_2020-03-31t00_48_31.394415,0.000930,0.000288,1.0000,1.0000,0.0051,0.0396,0.0051,0.9949
626,dns2tcp_tunnel_99911_doh9_2020-03-31t01_11_10.452750,0.000929,0.000288,1.0000,1.0000,0.0050,0.0390,0.0050,0.9950
627,dns2tcp_tunnel_99911_doh9_2020-03-31t01_33_49.435345,0.000928,0.000287,1.0000,1.0000,0.0049,0.0384,0.0049,0.9951
628,dns2tcp_tunnel_99911_doh9_2020-03-31t01_56_27.962607,0.000928,0.000287,1.0000,1.0000,0.0048,0.0378,0.0048,0.9952
629,dns2tcp_tunnel_99911_doh9_2020-03-31t02_19_07.781972,0.000927,0.000287,1.0000,1.0000,0.0047,0.0372,0.0047,0.9953
630,dns2tcp_tunnel_99911_doh9_2020-03-31t02_41_46.784537,0.000926,0.000286,1.0000,1.0000,0.0047,0.0367,0.0046,0.9954
631,dns2tcp_tunnel_99911_doh9_2020-03-31t03_04_20.279861,0.000926,0.000286,1.0000,1.0000,0.0046,0.0361,0.0046,0.9954
632,dns2tcp_tunnel_99911_doh9_2020-03-31t03_26_54.942364,0.000925,0.000285,1.0000,1.0000,0.0045,0.0356,0.0045,0.9955
633,dns2tcp_tunnel_99911_doh9_2020-03-31t03_49_29.389619,0.000924,0.000285,1.0000,1.0000,0.0044,0.0350,0.0044,0.9956
634,dns2tcp_tunnel_99911_doh9_2020-03-31t04_12_02.442157,0.000924,0.000284,1.0000,1.0000,0.0043,0.0345,0.0043,0.9957
635,dns2tcp_tunnel_99911_doh9_2020-03-31t04_34_36.641790,0.000923,0.000284,1.0000,1.0000,0.0043,0.0340,0.0043,0.9957
636,dns2tcp_tunnel_99911_doh9_2020-03-31t04_57_14.125469,0.000922,0.000284,1.0000,1.0000,0.0042,0.0335,0.0042,0.9958
637,dns2tcp_tunnel_99911_doh9_2020-03-31t05_19_51.935658,0.000921,0.000283,1.0000,1.0000,0.0041,0.0330,0.0041,0.9959
638,dns2tcp_tunnel_99911_doh9_2020-03-31t05_42_30.128274,0.000921,0.000283,1.0000,1.0000,0.0040,0.0325,0.0040,0.9960
639,dns2tcp_tunnel_99911_doh9_2020-03-31t06_05_10.352209,0.000920,0.000282,1.0000,1.0000,0.0040,0.0320,0.0040,0.9960
640,dns2tcp_tunnel_99911_doh9_2020-03-31t06_27_52.615728,0.000919,0.000282,1.0000,1.0000,0.0039,0.0315,0.0039,0.9961
641,dns2tcp_tunnel_99911_doh9_2020-03-31t06_50_31.656916,0.000919,0.000282,1.0000,1.0000,0.0038,0.0310,0.0038,0.9962
642,dns2tcp_tunnel_99911_doh9_2020-03-31t07_13_11.448882,0.000918,0.000281,1.0000,1.0000,0.0038,0.0305,0.0038,0.9962
643,dns2tcp_tunnel_99911_doh9_2020-03-31t07_35_48.097102,0.000917,0.000281,1.0000,1.0000,0.0037,0.0301,0.0037,0.9963
644,dns2tcp_tunnel_99911_doh9_2020-03-31t07_58_20.312248,0.000916,0.000281,1.0000,1.0000,0.0036,0.0296,0.0036,0.9964
645,dns2tcp_tunnel_99911_doh9_2020-03-31t08_20_55.877077,0.000916,0.000280,1.0000,1.0000,0.0036,0.0292,0.0036,0.9964
646,dns2tcp_tunnel_99911_doh9_2020-03-31t08_43_34.618382,0.000915,0.000280,1.0000,1.0000,0.0035,0.0287,0.0035,0.9965
647,dns2tcp_tunnel_99911_doh9_2020-03-31t09_06_13.377670,0.000914,0.000279,1.0000,1.0000,0.0035,0.0283,0.0035,0.9965
648,dns2tcp_tunnel_99911_doh9_2020-03-31t09_28_53.482953,0.000914,0.000279,1.0000,1.0000,0.0034,0.0279,0.0034,0.9966
649,dns2tcp_tunnel_99911_doh9_2020-03-31t09_51_39.000122,0.000913,0.000279,1.0000,1.0000,0.0033,0.0274,0.0033,0.9967
650,dns2tcp_tunnel_99911_doh9_2020-03-31t10_14_24.124126,0.000912,0.000278,1.0000,1.0000,0.0033,0.0270,0.0033,0.9967
651,dns2tcp_tunnel_99911_doh9_2020-03-31t10_37_07.029921,0.000911,0.000278,1.0000,1.0000,0.0032,0.0266,0.0032,0.9968
652,dns2tcp_tunnel_99911_doh9_2020-03-31t10_59_52.428711,0.000911,0.000277,1.0000,1.0000,0.0032,0.0262,0.0032,0.9968
653,dns2tcp_tunnel_99911_doh9_2020-03-31t11_22_30.628558,0.000910,0.000277,1.0000,1.0000,0.0031,0.0258,0.0031,0.9969
654,dns2tcp_tunnel_99911_doh9_2020-03-31t11_45_11.734458,0.000909,0.000277,1.0000,1.0000,0.0031,0.0254,0.0031,0.9969
655,dns2tcp_tunnel_99911_doh9_2020-03-31t12_07_51.901280,0.000909,0.000276,1.0000,1.0000,0.0030,0.0250,0.0030,0.9970
656,dns2tcp_tunnel_99911_doh9_2020-03-31t12_30_33.476647,0.000908,0.000276,1.0000,1.0000,0.0030,0.0246,0.0030,0.9970
657,dns2tcp_tunnel_99911_doh9_2020-03-31t12_53_14.017984,0.000907,0.000276,1.0000,1.0000,0.0029,0.0243,0.0029,0.9971
658,dns2tcp_tunnel_99911_doh9_2020-03-31t13_15_54.068348,0.000906,0.000275,1.0000,1.0000,0.0029,0.0239,0.0029,0.9971
659,dns2tcp_tunnel_99911_doh9_2020-03-31t13_38_33.085788,0.000906,0.000275,1.0000,1.0000,0.0028,0.0235,0.0028,0.9972
660,dns2tcp_tunnel_99911_doh9_2020-03-31t14_01_11.428570,0.000905,0.000274,1.0000,1.0000,0.0028,0.0232,0.0028,0.9972
661,dns2tcp_tunnel_99911_doh9_2020-03-31t14_23_50.434623,0.000904,0.000274,1.0000,1.0000,0.0027,0.0228,0.0027,0.9973
662,dns2tcp_tunnel_99911_doh9_2020-03-31t14_46_26.854622,0.000904,0.000274,1.0000,1.0000,0.0027,0.0225,0.0027,0.9973
663,dns2tcp_tunnel_99911_doh9_2020-03-31t15_09_05.277927,0.000903,0.000273,1.0000,1.0000,0.0026,0.0221,0.0026,0.9974
664,dns2tcp_tunnel_99911_doh9_2020-03-31t15_31_43.722635,0.000902,0.000273,1.0000,1.0000,0.0026,0.0218,0.0026,0.9974
665,dns2tcp_tunnel_99911_doh9_2020-03-31t15_54_16.900576,0.000901,0.000273,1.0000,1.0000,0.0025,0.0215,0.0025,0.9975
666,dns2tcp_tunnel_99911_doh9_2020-03-31t16_16_50.879366,0.000901,0.000272,1.0000,1.0000,0.0025,0.0211,0.0025,0.9975
667,dns2tcp_tunnel_99911_doh9_2020-03-31t16_39_23.873308,0.000900,0.000272,1.0000,1.0000,0.0024,0.0208,0.0024,0.9976
668,dns2tcp_tunnel_99911_doh9_2020-03-31t17_01_56.862907,0.000899,0.000271,1.0000,1.0000,0.0024,0.0205,0.0024,0.9976
669,dns2tcp_tunnel_99911_doh9_2020-03-31t17_24_29.830051,0.000898,0.000271,1.0000,1.0000,0.0024,0.0202,0.0024,0.9976
670,dns2tcp_tunnel_99911_doh9_2020-03-31t17_47_02.591551,0.000898,0.000271,1.0000,1.0000,0.0023,0.0199,0.0023,0.9977
671,dns2tcp_tunnel_99911_doh9_2020-03-31t18_09_33.365463,0.000897,0.000270,1.0000,1.0000,0.0023,0.0196,0.0023,0.9977
672,dns2tcp_tunnel_99911_doh9_2020-03-31t18_32_05.416372,0.000896,0.000270,1.0000,1.0000,0.0022,0.0193,0.0022,0.9978
673,dns2tcp_tunnel_99911_doh9_2020-03-31t18_54_35.932274,0.000896,0.000270,1.0000,1.0000,0.0022,0.0190,0.0022,0.9978
674,dns2tcp_tunnel_99911_doh9_2020-03-31t19_17_04.826488,0.000895,0.000269,1.0000,1.0000,0.0022,0.0187,0.0022,0.9978
675,dns2tcp_tunnel_99911_doh9_2020-03-31t19_39_33.959670,0.000894,0.000269,1.0000,1.0000,0.0021,0.0184,0.0021,0.9979
676,dns2tcp_tunnel_99911_doh9_2020-03-31t20_02_02.786537,0.000893,0.000268,1.0000,1.0000,0.0021,0.0181,0.0021,0.9979
677,dns2tcp_tunnel_99911_doh9_2020-03-31t20_24_31.666820,0.000893,0.000268,1.0000,1.0000,0.0020,0.0178,0.0020,0.9980
678,dns2tcp_tunnel_99911_doh9_2020-03-31t20_47_00.303308,0.000892,0.000268,1.0000,1.0000,0.0020,0.0176,0.0020,0.9980
679,dns2tcp_tunnel_99911_doh9_2020-03-31t21_09_29.630687,0.000891,0.000267,1.0000,1.0000,0.0020,0.0173,0.0020,0.9980
680,dns2tcp_tunnel_99911_doh9_2020-03-31t21_31_58.233935,0.000890,0.000267,1.0000,1.0000,0.0019,0.0170,0.0019,0.9981
681,dns2tcp_tunnel_dnsgoogle_doh1_2020-03-30t21_36_09.690883,0.000890,0.000267,1.0000,1.0000,0.0019,0.0168,0.0019,0.9981
682,dns2tcp_tunnel_dnsgoogle_doh1_2020-03-30t21_58_56.471447,0.000889,0.000266,1.0000,1.0000,0.0019,0.0165,0.0019,0.9981
683,dns2tcp_tunnel_dnsgoogle_doh1_2020-03-30t22_21_36.287132,0.000888,0.000266,1.0000,1.0000,0.0018,0.0162,0.0018,0.9982
684,dns2tcp_tunnel_dnsgoogle_doh1_2020-03-30t22_44_11.534265,0.000888,0.000266,1.0000,1.0000,0.0018,0.0160,0.0018,0.9982
685,dns2tcp_tunnel_dnsgoogle_doh1_2020-03-30t23_06_48.684617,0.000887,0.000265,1.0000,1.0000,0.0018,0.0158,0.0018,0.9982
686,dns2tcp_tunnel_dnsgoogle_doh1_2020-03-30t23_29_20.285021,0.000886,0.000265,1.0000,1.0000,0.0018,0.0155,0.0017,0.9983
687,dns2tcp_tunnel_dnsgoogle_doh1_2020-03-30t23_51_54.109441,0.000885,0.000265,1.0000,1.0000,0.0017,0.0153,0.0017,0.9983
688,dns2tcp_tunnel_dnsgoogle_doh1_2020-03-31t00_14_30.704252,0.000885,0.000264,1.0000,1.0000,0.0017,0.0150,0.0017,0.9983
689,dns2tcp_tunnel_dnsgoogle_doh1_2020-03-31t00_37_06.632933,0.000884,0.000264,1.0000,1.0000,0.0017,0.0148,0.0017,0.9983
690,dns2tcp_tunnel_dnsgoogle_doh1_2020-03-31t00_59_44.356060,0.000883,0.000264,1.0000,1.0000,0.0016,0.0146,0.0016,0.9984
691,dns2tcp_tunnel_dnsgoogle_doh1_2020-03-31t01_45_03.481825,0.000882,0.000263,1.0000,1.0000,0.0016,0.0144,0.0016,0.9984
692,dns2tcp_tunnel_dnsgoogle_doh1_2020-03-31t02_07_41.186710,0.000882,0.000263,1.0000,1.0000,0.0016,0.0141,0.0016,0.9984
693,dns2tcp_tunnel_dnsgoogle_doh1_2020-03-31t02_30_20.871673,0.000881,0.000263,1.0000,1.0000,0.0015,0.0139,0.0015,0.9985
694,dns2tcp_tunnel_dnsgoogle_doh1_2020-03-31t03_15_32.549029,0.000880,0.000262,1.0000,1.0000,0.0015,0.0137,0.0015,0.9985
695,dns2tcp_tunnel_dnsgoogle_doh1_2020-03-31t04_00_41.872403,0.000879,0.000262,1.0000,1.0000,0.0015,0.0135,0.0015,0.9985
696,dns2tcp_tunnel_dnsgoogle_doh1_2020-03-31t04_23_15.669898,0.000879,0.000261,1.0000,1.0000,0.0015,0.0133,0.0015,0.9985
697,dns2tcp_tunnel_dnsgoogle_doh1_2020-03-31t04_45_50.180619,0.000878,0.000261,1.0000,1.0000,0.0014,0.0131,0.0014,0.9986
698,dns2tcp_tunnel_dnsgoogle_doh1_2020-03-31t05_31_04.753509,0.000877,0.000261,1.0000,1.0000,0.0014,0.0129,0.0014,0.9986
699,dns2tcp_tunnel_dnsgoogle_doh1_2020-03-31t05_53_43.910604,0.000876,0.000260,1.0000,1.0000,0.0014,0.0127,0.0014,0.9986
700,dns2tcp_tunnel_dnsgoogle_doh1_2020-03-31t08_09_32.659893,0.000876,0.000260,1.0000,1.0000,0.0014,0.0125,0.0014,0.9986
701,dns2tcp_tunnel_dnsgoogle_doh1_2020-03-31t08_32_10.263570,0.000875,0.000260,1.0000,1.0000,0.0013,0.0123,0.0013,0.9987
702,dns2tcp_tunnel_dnsgoogle_doh1_2020-03-31t08_54_46.842786,0.000874,0.000259,1.0000,1.0000,0.0013,0.0121,0.0013,0.9987
703,dns2tcp_tunnel_dnsgoogle_doh1_2020-03-31t09_17_26.825207,0.000873,0.000259,1.0000,1.0000,0.0013,0.0119,0.0013,0.9987
704,dns2tcp_tunnel_dnsgoogle_doh1_2020-03-31t09_40_07.127341,0.000873,0.000259,1.0000,1.0000,0.0013,0.0117,0.0013,0.9987
705,dns2tcp_tunnel_dnsgoogle_doh1_2020-03-31t10_02_53.782582,0.000872,0.000258,1.0000,1.0000,0.0013,0.0115,0.0013,0.9987
706,dns2tcp_tunnel_dnsgoogle_doh1_2020-03-31t10_25_38.335574,0.000871,0.000258,1.0000,1.0000,0.0012,0.0114,0.0012,0.9988
707,dns2tcp_tunnel_dnsgoogle_doh1_2020-03-31t10_48_20.931152,0.000871,0.000257,1.0000,1.0000,0.0012,0.0112,0.0012,0.9988
708,dns2tcp_tunnel_dnsgoogle_doh1_2020-03-31t11_11_05.964976,0.000870,0.000257,1.0000,1.0000,0.0012,0.0110,0.0012,0.9988
709,dns2tcp_tunnel_dnsgoogle_doh1_2020-03-31t11_56_25.853278,0.000869,0.000256,1.0000,1.0000,0.0012,0.0108,0.0012,0.9988
710,dns2tcp_tunnel_dnsgoogle_doh1_2020-03-31t13_27_06.939265,0.000868,0.000256,1.0000,1.0000,0.0012,0.0107,0.0011,0.9989
711,dns2tcp_tunnel_dnsgoogle_doh1_2020-03-31t14_12_26.027109,0.000868,0.000255,1.0000,1.0000,0.0011,0.0105,0.0011,0.9989
712,dns2tcp_tunnel_dnsgoogle_doh1_2020-03-31t14_57_39.274643,0.000867,0.000255,1.0000,1.0000,0.0011,0.0104,0.0011,0.9989
713,dns2tcp_tunnel_dnsgoogle_doh1_2020-03-31t16_28_02.705170,0.000866,0.000254,1.0000,1.0000,0.0011,0.0102,0.0011,0.9989
714,dns2tcp_tunnel_dnsgoogle_doh1_2020-03-31t16_50_35.746837,0.000865,0.000254,1.0000,1.0000,0.0011,0.0100,0.0011,0.9989
715,dns2tcp_tunnel_dnsgoogle_doh1_2020-03-31t18_43_17.851915,0.000865,0.000253,1.0000,1.0000,0.0011,0.0099,0.0011,0.9989
716,dns2tcp_tunnel_dnsgoogle_doh1_2020-03-31t19_05_47.316030,0.000864,0.000252,1.0000,1.0000,0.0010,0.0097,0.0010,0.9990
717,dns2tcp_tunnel_dnsgoogle_doh1_2020-03-31t19_28_16.646149,0.000863,0.000252,1.0000,1.0000,0.0010,0.0096,0.0010,0.9990
718,dns2tcp_tunnel_dnsgoogle_doh2_2020-03-30t21_36_11.567490,0.000862,0.000251,1.0000,1.0000,0.0010,0.0094,0.0010,0.9990
719,dns2tcp_tunnel_dnsgoogle_doh2_2020-03-30t22_21_37.778622,0.000862,0.000251,1.0000,1.0000,0.0010,0.0093,0.0010,0.9990
720,dns2tcp_tunnel_dnsgoogle_doh2_2020-03-30t22_44_12.678225,0.000861,0.000250,1.0000,1.0000,0.0010,0.0091,0.0010,0.9990
721,dns2tcp_tunnel_dnsgoogle_doh2_2020-03-30t23_06_49.893700,0.000860,0.000250,1.0000,1.0000,0.0009,0.0090,0.0009,0.9991
722,dns2tcp_tunnel_dnsgoogle_doh2_2020-03-30t23_29_21.351185,0.000859,0.000249,1.0000,1.0000,0.0009,0.0089,0.0009,0.9991
723,dns2tcp_tunnel_dnsgoogle_doh2_2020-03-30t23_51_55.063314,0.000859,0.000248,1.0000,1.0000,0.0009,0.0087,0.0009,0.9991
724,dns2tcp_tunnel_dnsgoogle_doh2_2020-03-31t00_14_31.516711,0.000858,0.000248,1.0000,1.0000,0.0009,0.0086,0.0009,0.9991
725,dns2tcp_tunnel_dnsgoogle_doh2_2020-03-31t00_37_07.573623,0.000857,0.000247,1.0000,1.0000,0.0009,0.0084,0.0009,0.9991
726,dns2tcp_tunnel_dnsgoogle_doh2_2020-03-31t03_15_33.687397,0.000856,0.000246,1.0000,1.0000,0.0009,0.0083,0.0009,0.9991
727,dns2tcp_tunnel_dnsgoogle_doh2_2020-03-31t05_53_44.753217,0.000856,0.000246,1.0000,1.0000,0.0009,0.0082,0.0009,0.9991
728,dns2tcp_tunnel_dnsgoogle_doh2_2020-03-31t06_39_07.092262,0.000855,0.000245,1.0000,1.0000,0.0008,0.0081,0.0008,0.9992
729,dns2tcp_tunnel_dnsgoogle_doh2_2020-03-31t07_47_01.217282,0.000854,0.000244,1.0000,1.0000,0.0008,0.0079,0.0008,0.9992
730,dns2tcp_tunnel_dnsgoogle_doh2_2020-03-31t08_09_33.662101,0.000853,0.000244,1.0000,1.0000,0.0008,0.0078,0.0008,0.9992
731,dns2tcp_tunnel_dnsgoogle_doh2_2020-03-31t10_25_39.920552,0.000852,0.000243,1.0000,1.0000,0.0008,0.0077,0.0008,0.9992
732,dns2tcp_tunnel_dnsgoogle_doh2_2020-03-31t11_56_27.006518,0.000852,0.000242,1.0000,1.0000,0.0008,0.0076,0.0008,0.9992
733,dns2tcp_tunnel_dnsgoogle_doh2_2020-03-31t12_19_06.749563,0.000851,0.000242,1.0000,1.0000,0.0008,0.0075,0.0008,0.9992
734,dns2tcp_tunnel_dnsgoogle_doh2_2020-03-31t15_20_21.493950,0.000850,0.000241,1.0000,1.0000,0.0008,0.0073,0.0008,0.9992
735,dns2tcp_tunnel_dnsgoogle_doh2_2020-03-31t16_28_04.338973,0.000849,0.000240,1.0000,1.0000,0.0007,0.0072,0.0007,0.9993
736,dns2tcp_tunnel_dnsgoogle_doh2_2020-03-31t17_58_15.145156,0.000849,0.000240,1.0000,1.0000,0.0007,0.0071,0.0007,0.9993
737,dns2tcp_tunnel_dnsgoogle_doh2_2020-03-31t18_20_46.141326,0.000848,0.000239,1.0000,1.0000,0.0007,0.0070,0.0007,0.9993
738,dns2tcp_tunnel_dnsgoogle_doh2_2020-03-31t19_05_48.137201,0.000847,0.000238,1.0000,1.0000,0.0007,0.0069,0.0007,0.9993
739,dns2tcp_tunnel_dnsgoogle_doh2_2020-03-31t19_50_46.247010,0.000846,0.000238,1.0000,1.0000,0.0007,0.0068,0.0007,0.9993
740,dns2tcp_tunnel_dnsgoogle_doh2_2020-03-31t20_13_15.174349,0.000846,0.000237,1.0000,1.0000,0.0007,0.0067,0.0007,0.9993
741,dump.003ce1,0.001140,0.000305,1.0000,1.0000,0.0007,0.0066,0.0007,0.9993
742,dump.1da2a3,0.001311,0.000340,1.0000,1.0000,0.0005,0.0050,0.0005,0.9995
743,dump.218564,0.001324,0.000341,1.0000,1.0000,0.0004,0.0043,0.0004,0.9996
744,dump.22e976,0.001760,0.000419,1.0000,1.0000,0.0004,0.0041,0.0004,0.9996
745,dump.6dbe55,0.002173,0.000485,1.0000,1.0000,0.0003,0.0029,0.0003,0.9997
746,dump.e022b7,0.002230,0.000489,1.0000,1.0000,0.0002,0.0022,0.0002,0.9998
747,dump_00001_20200111222621.25436d,0.002312,0.000495,1.0000,1.0000,0.0002,0.0021,0.0002,0.9998
748,dump_00001_20200113100617.0246b4,0.002394,0.000501,1.0000,1.0000,0.0002,0.0019,0.0002,0.9998
749,dump_00001_20200113152847.4df77c,0.002476,0.000505,1.0000,1.0000,0.0002,0.0018,0.0002,0.9998
750,dump_00001_20200114102945.0c2a9f,0.002559,0.000507,1.0000,1.0000,0.0001,0.0016,0.0001,0.9999
751,dump_00002_20200111232233.4dd21e,0.002695,0.000514,1.0000,1.0000,0.0001,0.0015,0.0001,0.9999
752,dump_00002_20200113111300.07d779,0.002777,0.000515,1.0000,1.0000,0.0001,0.0013,0.0001,0.9999
753,dump_00002_20200113162614.325f51,0.002887,0.000518,1.0000,1.0000,0.0001,0.0012,0.0001,0.9999
754,dump_00002_20200114114901.69adea,0.002968,0.000519,1.0000,1.0000,0.0001,0.0011,0.0001,0.9999
755,dump_00003_20200112004539.77b31c,0.003049,0.000519,1.0000,1.0000,0.0001,0.0010,0.0001,0.9999
756,dump_00003_20200113120939.b9054d,0.003159,0.000521,1.0000,1.0000,0.0001,0.0010,0.0001,0.9999
757,dump_00003_20200113182754.df1632,0.003268,0.000523,1.0000,1.0000,0.0001,0.0009,0.0001,0.9999
758,dump_00003_20200114130936.15d035,0.003318,0.000520,1.0000,1.0000,0.0001,0.0008,0.0001,0.9999
759,dump_00004_20200112015042.b7f055,0.003367,0.000517,1.0000,1.0000,0.0001,0.0007,0.0001,0.9999
760,dump_00004_20200113132407.77383d,0.003415,0.000514,1.0000,1.0000,0.0001,0.0007,0.0001,0.9999
761,dump_00004_20200113193921.586656,0.003523,0.000515,1.0000,1.0000,0.0001,0.0007,0.0001,0.9999
762,dump_00004_20200114141606.1045ab,0.003600,0.000513,1.0000,1.0000,0.0000,0.0006,0.0000,1.0000
763,dump_00005_20200112025337.89ee30,0.003676,0.000510,1.0000,1.0000,0.0000,0.0005,0.0000,1.0000
764,dump_00005_20200113142226.bed703,0.003720,0.000507,1.0000,1.0000,0.0000,0.0005,0.0000,1.0000
765,dump_00005_20200113205730.4a72d7,0.003825,0.000505,1.0000,1.0000,0.0000,0.0005,0.0000,1.0000
766,dump_00005_20200114153502.914300,0.003899,0.000503,1.0000,1.0000,0.0000,0.0004,0.0000,1.0000
767,dump_00006_20200112040340.8f88b6,0.003940,0.000498,1.0000,1.0000,0.0000,0.0004,0.0000,1.0000
768,dump_00007_20200112051950.b79397,0.003981,0.000494,1.0000,1.0000,0.0000,0.0004,0.0000,1.0000
769,dump_00008_20200112063544.ae26a3,0.004114,0.000493,1.0000,1.0000,0.0000,0.0003,0.0000,1.0000
770,dump_00009_20200113074803.23a7aa,0.004121,0.000487,1.0000,1.0000,0.0000,0.0003,0.0000,1.0000
771,l1-doh,0.005591,0.000531,1.0000,1.0000,0.0000,0.0003,0.0000,1.0000
772,l1-nondoh,0.009653,0.000610,1.0000,1.0000,0.0000,0.0001,0.0000,1.0000
773,l2-benign,0.009441,0.000597,0.0000,0.0000,14.3588,0.0000,1.0000,1.0000
774,l2-malicious,0.010891,0.000619,1.0000,1.0000,0.0000,0.0000,0.0000,1.0000
775,02-14-2018,0.013301,0.568948,0.0000,0.0000,12.7087,0.0025,0.9996,0.9996
776,02-15-2018,0.019383,0.490357,0.0006,0.0011,9.7622,0.0136,0.9954,0.9965
777,02-16-2018,0.021931,0.952414,0.0000,0.0000,11.9316,0.0044,0.9995,0.9995
778,02-20-2018,0.074385,0.498503,0.0250,0.0489,4.6253,0.1917,0.8816,0.9305
779,02-21-2018,0.076498,0.942692,0.0870,0.1483,8.6174,0.4967,0.6207,0.7690
780,02-22-2018,0.085185,0.574548,0.3332,0.9991,0.0157,0.0399,0.0082,0.9909
781,02-23-2018,0.092941,0.594279,0.3332,0.9994,0.0124,0.0107,0.0013,0.9981
782,02-28-2018,0.095052,0.367979,0.4702,0.8876,1.0279,0.0048,0.1117,0.9993
783,03-01-2018,0.094840,0.410379,0.4182,0.7188,2.8955,0.0015,0.2810,0.9998
784,03-02-2018,0.096920,0.505234,0.4210,0.7270,5.8101,0.0026,0.2726,0.9997
785,evse-b-hpc-kernel-events-combined,0.094545,0.034126,0.3499,0.5382,3.5871,0.0122,0.4602,0.9984
786,evse-b-powercombined,0.092062,0.032935,0.1102,0.1239,5.6017,0.0126,0.8744,0.9983
