Chunk_Index,Chunk_Name,Drift-TKAN_F1,Drift-TKAN_Drift,ADWIN_F1,ADWIN_Drift,PageHinkley_F1,PageHinkley_Drift,DDM_F1,DDM_Drift
0,l1-doh-nondoh,0.0000,False,0.0000,False,0.0000,False,0.0000,False
1,l2-benigndoh-maliciousdoh,0.0000,False,0.0000,False,0.0000,False,0.0000,False
2,benign-monday-no-metadata,0.1392,False,0.1382,True,0.1382,True,0.1382,False
3,botnet-friday-no-metadata,0.1236,False,0.1243,True,0.1243,True,0.1218,False
4,bruteforce-tuesday-no-metadata,0.1229,False,0.1410,True,0.1410,True,0.1214,False
5,ddos-friday-no-metadata,0.1610,False,0.1389,True,0.1389,True,0.1631,True
6,dos-wednesday-no-metadata,0.1207,True,0.1189,True,0.1189,True,0.1264,True
7,infiltration-thursday-no-metadata,0.1662,True,0.1998,False,0.1998,False,0.1419,True
8,portscan-friday-no-metadata,0.1663,True,0.1664,True,0.1664,True,0.1423,True
9,webattacks-thursday-no-metadata,0.1710,True,0.2156,True,0.2156,True,0.1512,True
10,all,0.0000,True,0.0000,False,0.0000,False,0.0000,False
11,dns2tcp_tunnel_99911_doh10_2020-03-30t20_14_53.737987,0.0000,True,0.0000,False,0.0000,False,0.0000,False
12,dns2tcp_tunnel_99911_doh10_2020-03-30t20_38_28.859919,0.0000,True,0.0000,False,0.0000,False,0.0000,False
13,dns2tcp_tunnel_99911_doh10_2020-03-30t21_02_04.628792,0.0000,True,0.0000,False,0.0000,False,0.0000,False
14,dns2tcp_tunnel_99911_doh10_2020-03-30t21_24_57.269335,0.0000,True,0.0000,False,0.0000,False,0.0000,False
15,dns2tcp_tunnel_99911_doh10_2020-03-30t21_47_44.394911,0.0000,True,0.0000,False,0.0000,False,0.0000,False
16,dns2tcp_tunnel_99911_doh10_2020-03-30t22_10_23.521383,0.0000,True,0.0000,False,0.0000,False,0.0000,False
17,dns2tcp_tunnel_99911_doh10_2020-03-30t22_32_59.693494,0.0000,True,0.0000,False,0.0000,False,0.0000,False
18,dns2tcp_tunnel_99911_doh10_2020-03-30t22_55_36.495418,0.0000,True,0.0000,False,0.0000,False,0.0000,False
19,dns2tcp_tunnel_99911_doh10_2020-03-30t23_18_08.993977,0.0000,True,0.0000,False,0.0000,False,0.0000,False
20,dns2tcp_tunnel_99911_doh10_2020-03-30t23_40_42.099501,0.0000,True,0.0000,False,0.0000,False,0.0000,False
21,dns2tcp_tunnel_99911_doh10_2020-03-31t00_03_18.965975,0.0000,True,0.0000,False,0.0000,False,0.0000,False
22,dns2tcp_tunnel_99911_doh10_2020-03-31t00_25_53.490166,0.0000,True,0.0000,False,0.0000,False,0.0000,False
23,dns2tcp_tunnel_99911_doh10_2020-03-31t00_48_32.137398,0.0000,True,0.0000,False,0.0000,False,0.0000,False
24,dns2tcp_tunnel_99911_doh10_2020-03-31t01_11_11.175423,0.0000,True,0.0000,False,0.0000,False,0.0000,False
25,dns2tcp_tunnel_99911_doh10_2020-03-31t01_33_50.184478,0.0000,True,0.0000,False,0.0000,False,0.0000,False
26,dns2tcp_tunnel_99911_doh10_2020-03-31t01_56_28.642906,0.0000,True,0.0000,False,0.0000,False,0.0000,False
27,dns2tcp_tunnel_99911_doh10_2020-03-31t02_19_08.554448,0.0000,True,0.0000,False,0.0000,False,0.0000,False
28,dns2tcp_tunnel_99911_doh10_2020-03-31t02_41_47.454073,0.0000,True,0.0000,False,0.0000,False,0.0000,False
29,dns2tcp_tunnel_99911_doh10_2020-03-31t03_04_21.045929,0.0000,True,0.0000,False,0.0000,False,0.0000,False
30,dns2tcp_tunnel_99911_doh10_2020-03-31t03_26_55.721687,0.0000,True,0.0000,False,0.0000,False,0.0000,False
31,dns2tcp_tunnel_99911_doh10_2020-03-31t03_49_30.072131,0.0000,True,0.0000,False,0.0000,False,0.0000,False
32,dns2tcp_tunnel_99911_doh10_2020-03-31t04_12_03.540198,0.0000,True,0.0000,False,0.0000,False,0.0000,False
33,dns2tcp_tunnel_99911_doh10_2020-03-31t04_34_37.279160,0.0000,True,0.0000,False,0.0000,False,0.0000,False
34,dns2tcp_tunnel_99911_doh10_2020-03-31t04_57_14.936835,0.0000,True,0.0000,False,0.0000,False,0.0000,False
35,dns2tcp_tunnel_99911_doh10_2020-03-31t05_19_52.677832,0.0000,True,0.0000,False,0.0000,False,0.0000,False
36,dns2tcp_tunnel_99911_doh10_2020-03-31t05_42_30.659892,0.0000,True,0.0000,False,0.0000,False,0.0000,False
37,dns2tcp_tunnel_99911_doh10_2020-03-31t06_05_11.066321,0.0000,True,0.0000,False,0.0000,False,0.0000,False
38,dns2tcp_tunnel_99911_doh10_2020-03-31t06_27_53.535674,0.0000,True,0.0000,False,0.0000,False,0.0000,False
39,dns2tcp_tunnel_99911_doh10_2020-03-31t06_50_32.348466,0.0000,True,0.0000,False,0.0000,False,0.0000,False
40,dns2tcp_tunnel_99911_doh10_2020-03-31t07_13_12.180184,0.0000,True,0.0000,False,0.0000,False,0.0000,False
41,dns2tcp_tunnel_99911_doh10_2020-03-31t07_35_48.659090,0.0000,True,0.0000,False,0.0000,False,0.0000,False
42,dns2tcp_tunnel_99911_doh10_2020-03-31t07_58_20.826286,0.0000,True,0.0000,False,0.0000,False,0.0000,False
43,dns2tcp_tunnel_99911_doh10_2020-03-31t08_20_56.860006,0.0000,True,0.0000,False,0.0000,False,0.0000,False
44,dns2tcp_tunnel_99911_doh10_2020-03-31t08_43_35.388576,0.0000,True,0.0000,False,0.0000,False,0.0000,False
45,dns2tcp_tunnel_99911_doh10_2020-03-31t09_06_14.156546,0.0000,True,0.0000,False,0.0000,False,0.0000,False
46,dns2tcp_tunnel_99911_doh10_2020-03-31t09_28_54.227384,0.0000,True,0.0000,False,0.0000,False,0.0000,False
47,dns2tcp_tunnel_99911_doh10_2020-03-31t09_51_39.782772,0.0000,True,0.0000,False,0.0000,False,0.0000,False
48,dns2tcp_tunnel_99911_doh10_2020-03-31t10_14_24.855361,0.0000,True,0.0000,False,0.0000,False,0.0000,False
49,dns2tcp_tunnel_99911_doh10_2020-03-31t10_37_07.841741,0.0000,True,0.0000,False,0.0000,False,0.0000,False
50,dns2tcp_tunnel_99911_doh10_2020-03-31t10_59_53.217370,0.0000,True,0.0000,False,0.0000,False,0.0000,False
51,dns2tcp_tunnel_99911_doh10_2020-03-31t11_22_31.430399,0.0000,True,0.0000,False,0.0000,False,0.0000,False
52,dns2tcp_tunnel_99911_doh10_2020-03-31t11_45_12.596724,0.0000,True,0.0000,False,0.0000,False,0.0000,False
53,dns2tcp_tunnel_99911_doh10_2020-03-31t12_07_52.822495,0.0000,True,0.0000,False,0.0000,False,0.0000,False
54,dns2tcp_tunnel_99911_doh10_2020-03-31t12_30_34.308477,0.0000,True,0.0000,False,0.0000,False,0.0000,False
55,dns2tcp_tunnel_99911_doh10_2020-03-31t12_53_14.723810,0.0000,True,0.0000,False,0.0000,False,0.0000,False
56,dns2tcp_tunnel_99911_doh10_2020-03-31t13_15_54.813732,0.0000,True,0.0000,False,0.0000,False,0.0000,False
57,dns2tcp_tunnel_99911_doh10_2020-03-31t13_38_33.840296,0.0000,True,0.0000,False,0.0000,False,0.0000,False
58,dns2tcp_tunnel_99911_doh10_2020-03-31t14_01_12.320189,0.0000,True,0.0000,False,0.0000,False,0.0000,False
59,dns2tcp_tunnel_99911_doh10_2020-03-31t14_23_51.114870,0.0000,True,0.0000,False,0.0000,False,0.0000,False
60,dns2tcp_tunnel_99911_doh10_2020-03-31t14_46_27.651036,0.0000,True,0.0000,False,0.0000,False,0.0000,False
61,dns2tcp_tunnel_99911_doh10_2020-03-31t15_09_06.290533,0.0000,True,0.0000,False,0.0000,False,0.0000,False
62,dns2tcp_tunnel_99911_doh10_2020-03-31t15_31_44.477427,0.0000,True,0.0000,False,0.0000,False,0.0000,False
63,dns2tcp_tunnel_99911_doh10_2020-03-31t15_54_17.732967,0.0000,True,0.0000,False,0.0000,False,0.0000,False
64,dns2tcp_tunnel_99911_doh10_2020-03-31t16_16_51.526325,0.0000,True,0.0000,False,0.0000,False,0.0000,False
65,dns2tcp_tunnel_99911_doh10_2020-03-31t16_39_24.523443,0.0000,True,0.0000,False,0.0000,False,0.0000,False
66,dns2tcp_tunnel_99911_doh10_2020-03-31t17_01_57.407125,0.0000,True,0.0000,False,0.0000,False,0.0000,False
67,dns2tcp_tunnel_99911_doh10_2020-03-31t17_24_30.546790,0.0000,True,0.0000,False,0.0000,False,0.0000,False
68,dns2tcp_tunnel_99911_doh10_2020-03-31t17_47_03.145021,0.0000,True,0.0000,False,0.0000,False,0.0000,False
69,dns2tcp_tunnel_99911_doh10_2020-03-31t18_09_33.908989,0.0000,True,0.0000,False,0.0000,False,0.0000,False
70,dns2tcp_tunnel_99911_doh10_2020-03-31t18_32_06.093518,0.0000,True,0.0000,False,0.0000,False,0.0000,False
71,dns2tcp_tunnel_99911_doh10_2020-03-31t18_54_36.472362,0.0000,True,0.0000,False,0.0000,False,0.0000,False
72,dns2tcp_tunnel_99911_doh10_2020-03-31t19_17_05.392027,0.0000,True,0.0000,False,0.0000,False,0.0000,False
73,dns2tcp_tunnel_99911_doh10_2020-03-31t19_39_34.462626,0.0000,True,0.0000,False,0.0000,False,0.0000,False
74,dns2tcp_tunnel_99911_doh10_2020-03-31t20_02_03.323428,0.0000,True,0.0000,False,0.0000,False,0.0000,False
75,dns2tcp_tunnel_99911_doh10_2020-03-31t20_24_32.210338,0.0000,True,0.0000,False,0.0000,False,0.0000,False
76,dns2tcp_tunnel_99911_doh10_2020-03-31t20_47_00.848014,0.0000,True,0.0000,False,0.0000,False,0.0000,False
77,dns2tcp_tunnel_99911_doh10_2020-03-31t21_09_30.164025,0.0000,True,0.0000,False,0.0000,False,0.0000,False
78,dns2tcp_tunnel_99911_doh10_2020-03-31t21_31_58.774601,0.0000,True,0.0000,False,0.0000,False,0.0000,False
79,dns2tcp_tunnel_99911_doh1_2020-03-30t20_38_05.584040,0.0000,True,0.0000,False,0.0000,False,0.0000,False
80,dns2tcp_tunnel_99911_doh1_2020-03-30t21_01_47.132121,0.0000,True,0.0000,False,0.0000,False,0.0000,False
81,dns2tcp_tunnel_99911_doh1_2020-03-30t21_24_44.969922,0.0000,True,0.0000,False,0.0000,False,0.0000,False
82,dns2tcp_tunnel_99911_doh1_2020-03-30t21_47_33.278567,0.0000,True,0.0000,False,0.0000,False,0.0000,False
83,dns2tcp_tunnel_99911_doh1_2020-03-30t22_10_13.974838,0.0000,True,0.0000,False,0.0000,False,0.0000,False
84,dns2tcp_tunnel_99911_doh1_2020-03-30t22_32_51.701236,0.0000,True,0.0000,False,0.0000,False,0.0000,False
85,dns2tcp_tunnel_99911_doh1_2020-03-30t22_55_28.423268,0.0000,True,0.0000,False,0.0000,False,0.0000,False
86,dns2tcp_tunnel_99911_doh1_2020-03-30t23_18_02.932543,0.0000,True,0.0000,False,0.0000,False,0.0000,False
87,dns2tcp_tunnel_99911_doh1_2020-03-30t23_40_35.234999,0.0000,True,0.0000,False,0.0000,False,0.0000,False
88,dns2tcp_tunnel_99911_doh1_2020-03-31t00_03_10.550389,0.0000,True,0.0000,False,0.0000,False,0.0000,False
89,dns2tcp_tunnel_99911_doh1_2020-03-31t00_25_45.863400,0.0000,True,0.0000,False,0.0000,False,0.0000,False
90,dns2tcp_tunnel_99911_doh1_2020-03-31t00_48_23.471017,0.0000,True,0.0000,False,0.0000,False,0.0000,False
91,dns2tcp_tunnel_99911_doh1_2020-03-31t01_11_02.621986,1.0000,True,0.0000,False,0.0000,False,0.0000,False
92,dns2tcp_tunnel_99911_doh1_2020-03-31t01_33_42.426437,1.0000,True,0.0000,False,0.0000,False,0.0000,False
93,dns2tcp_tunnel_99911_doh1_2020-03-31t01_56_20.971450,1.0000,True,0.0000,False,0.0000,False,0.0000,False
94,dns2tcp_tunnel_99911_doh1_2020-03-31t02_18_58.876500,1.0000,True,0.0000,False,0.0000,False,0.0000,False
95,dns2tcp_tunnel_99911_doh1_2020-03-31t02_41_40.204630,1.0000,True,0.0000,False,0.0000,False,0.0000,False
96,dns2tcp_tunnel_99911_doh1_2020-03-31t03_04_14.060313,1.0000,True,0.0000,False,0.0000,False,0.0000,False
97,dns2tcp_tunnel_99911_doh1_2020-03-31t03_26_48.467941,1.0000,True,0.0000,False,0.0000,False,0.0000,False
98,dns2tcp_tunnel_99911_doh1_2020-03-31t03_49_23.209031,1.0000,True,0.0000,False,0.0000,False,0.0000,False
99,dns2tcp_tunnel_99911_doh1_2020-03-31t04_11_56.383150,1.0000,True,0.0000,False,0.0000,False,0.0000,False
100,dns2tcp_tunnel_99911_doh1_2020-03-31t04_34_30.698373,1.0000,True,0.0000,False,0.0000,False,0.0000,False
101,dns2tcp_tunnel_99911_doh1_2020-03-31t04_57_07.549578,1.0000,True,0.0000,False,0.0000,False,0.0000,False
102,dns2tcp_tunnel_99911_doh1_2020-03-31t05_19_45.329529,1.0000,True,0.0000,False,0.0000,False,0.0000,False
103,dns2tcp_tunnel_99911_doh1_2020-03-31t05_42_22.470846,1.0000,True,0.0000,False,0.0000,False,0.0000,False
104,dns2tcp_tunnel_99911_doh1_2020-03-31t06_05_01.617124,1.0000,True,0.0000,False,0.0000,False,0.0000,False
105,dns2tcp_tunnel_99911_doh1_2020-03-31t06_27_45.344870,1.0000,True,0.0000,False,0.0000,False,0.0000,False
106,dns2tcp_tunnel_99911_doh1_2020-03-31t06_50_24.726782,1.0000,True,0.0000,False,0.0000,False,0.0000,False
107,dns2tcp_tunnel_99911_doh1_2020-03-31t07_13_02.880575,1.0000,True,0.0000,False,0.0000,False,0.0000,False
108,dns2tcp_tunnel_99911_doh1_2020-03-31t07_35_42.517412,1.0000,True,0.0000,False,0.0000,False,0.0000,False
109,dns2tcp_tunnel_99911_doh1_2020-03-31t07_58_14.738818,1.0000,True,0.0000,False,0.0000,False,0.0000,False
110,dns2tcp_tunnel_99911_doh1_2020-03-31t08_20_48.841399,1.0000,True,0.0000,False,0.0000,False,0.0000,False
111,dns2tcp_tunnel_99911_doh1_2020-03-31t08_43_29.043727,1.0000,True,0.0000,False,0.0000,False,0.0000,False
112,dns2tcp_tunnel_99911_doh1_2020-03-31t09_06_06.351094,1.0000,True,0.0000,False,0.0000,False,0.0000,False
113,dns2tcp_tunnel_99911_doh1_2020-03-31t09_28_46.201549,1.0000,True,0.0000,False,0.0000,False,0.0000,False
114,dns2tcp_tunnel_99911_doh1_2020-03-31t09_51_30.068224,1.0000,True,0.0000,False,0.0000,False,0.0000,False
115,dns2tcp_tunnel_99911_doh1_2020-03-31t10_14_16.739661,1.0000,True,0.0000,False,0.0000,False,0.0000,False
116,dns2tcp_tunnel_99911_doh1_2020-03-31t10_36_59.232393,1.0000,True,0.0000,False,0.0000,False,0.0000,False
117,dns2tcp_tunnel_99911_doh1_2020-03-31t10_59_41.101361,1.0000,True,0.0000,False,0.0000,False,0.0000,False
118,dns2tcp_tunnel_99911_doh1_2020-03-31t11_22_23.833171,1.0000,True,0.0000,False,0.0000,False,0.0000,False
119,dns2tcp_tunnel_99911_doh1_2020-03-31t11_45_03.948542,1.0000,True,0.0000,False,0.0000,False,0.0000,False
120,dns2tcp_tunnel_99911_doh1_2020-03-31t12_07_44.199442,1.0000,True,0.0000,False,0.0000,False,0.0000,False
121,dns2tcp_tunnel_99911_doh1_2020-03-31t12_30_26.142988,1.0000,True,0.0000,False,0.0000,False,0.0000,False
122,dns2tcp_tunnel_99911_doh1_2020-03-31t12_53_07.101910,1.0000,True,0.0000,False,0.0000,False,0.0000,False
123,dns2tcp_tunnel_99911_doh1_2020-03-31t13_15_47.482289,1.0000,True,0.0000,False,0.0000,False,0.0000,False
124,dns2tcp_tunnel_99911_doh1_2020-03-31t13_38_25.930231,1.0000,True,0.0000,False,0.0000,False,0.0000,False
125,dns2tcp_tunnel_99911_doh1_2020-03-31t14_01_04.212202,1.0000,True,0.0000,False,0.0000,False,0.0000,False
126,dns2tcp_tunnel_99911_doh1_2020-03-31t14_23_43.665339,1.0000,True,0.0000,False,0.0000,False,0.0000,False
127,dns2tcp_tunnel_99911_doh1_2020-03-31t14_46_20.917791,1.0000,True,0.0000,False,0.0000,False,0.0000,False
128,dns2tcp_tunnel_99911_doh1_2020-03-31t15_08_58.259779,1.0000,True,0.0000,False,0.0000,False,0.0000,False
129,dns2tcp_tunnel_99911_doh1_2020-03-31t15_31_38.216263,1.0000,True,0.0000,False,0.0000,False,0.0000,False
130,dns2tcp_tunnel_99911_doh1_2020-03-31t15_54_10.678007,1.0000,True,0.0000,False,0.0000,False,0.0000,False
131,dns2tcp_tunnel_99911_doh1_2020-03-31t16_16_43.587045,1.0000,True,0.0000,False,0.0000,False,0.0000,False
132,dns2tcp_tunnel_99911_doh1_2020-03-31t16_39_17.131324,1.0000,True,0.0000,False,0.0000,False,0.0000,False
133,dns2tcp_tunnel_99911_doh1_2020-03-31t17_01_51.748222,1.0000,True,0.0000,False,0.0000,False,0.0000,False
134,dns2tcp_tunnel_99911_doh1_2020-03-31t17_24_23.482558,1.0000,True,0.0000,False,0.0000,False,0.0000,False
135,dns2tcp_tunnel_99911_doh1_2020-03-31t17_46_57.431722,1.0000,True,0.0000,False,0.0000,False,0.0000,False
136,dns2tcp_tunnel_99911_doh1_2020-03-31t18_09_28.288548,1.0000,True,0.0000,False,0.0000,False,0.0000,False
137,dns2tcp_tunnel_99911_doh1_2020-03-31t18_31_59.426473,1.0000,True,0.0000,False,0.0000,False,0.0000,False
138,dns2tcp_tunnel_99911_doh1_2020-03-31t18_54_31.104608,1.0000,True,0.0000,False,0.0000,False,0.0000,False
139,dns2tcp_tunnel_99911_doh1_2020-03-31t19_16_59.892209,1.0000,True,0.0000,False,0.0000,False,0.0000,False
140,dns2tcp_tunnel_99911_doh1_2020-03-31t19_39_29.272486,1.0000,True,0.0000,False,0.0000,False,0.0000,False
141,dns2tcp_tunnel_99911_doh1_2020-03-31t20_01_57.966517,1.0000,True,0.0000,False,0.0000,False,0.0000,False
142,dns2tcp_tunnel_99911_doh1_2020-03-31t20_24_26.821843,1.0000,True,0.0000,False,0.0000,False,0.0000,False
143,dns2tcp_tunnel_99911_doh1_2020-03-31t20_46_55.597423,1.0000,True,0.0000,False,0.0000,False,0.0000,False
144,dns2tcp_tunnel_99911_doh1_2020-03-31t21_09_24.993414,1.0000,True,0.0000,False,0.0000,False,0.0000,False
145,dns2tcp_tunnel_99911_doh1_2020-03-31t21_31_53.640207,1.0000,True,0.0000,False,0.0000,False,0.0000,False
146,dns2tcp_tunnel_99911_doh2_2020-03-30t20_38_09.521847,1.0000,True,0.0000,False,0.0000,False,0.0000,False
147,dns2tcp_tunnel_99911_doh2_2020-03-30t21_01_49.604938,1.0000,True,0.0000,False,0.0000,False,0.0000,False
148,dns2tcp_tunnel_99911_doh2_2020-03-30t21_24_46.414022,1.0000,True,0.0000,False,0.0000,False,0.0000,False
149,dns2tcp_tunnel_99911_doh2_2020-03-30t21_47_35.390592,1.0000,True,0.0000,False,0.0000,False,0.0000,False
150,dns2tcp_tunnel_99911_doh2_2020-03-30t22_10_15.114246,1.0000,True,0.0000,False,0.0000,False,0.0000,False
151,dns2tcp_tunnel_99911_doh2_2020-03-30t22_32_52.983978,1.0000,True,0.0000,False,0.0000,False,0.0000,False
152,dns2tcp_tunnel_99911_doh2_2020-03-30t22_55_30.260018,1.0000,True,0.0000,False,0.0000,False,0.0000,False
153,dns2tcp_tunnel_99911_doh2_2020-03-30t23_18_04.086938,1.0000,True,0.0000,False,0.0000,False,0.0000,False
154,dns2tcp_tunnel_99911_doh2_2020-03-30t23_40_36.246233,1.0000,True,0.0000,False,0.0000,False,0.0000,False
155,dns2tcp_tunnel_99911_doh2_2020-03-31t00_03_12.874114,1.0000,True,0.0000,False,0.0000,False,0.0000,False
156,dns2tcp_tunnel_99911_doh2_2020-03-31t00_25_46.917131,1.0000,True,0.0000,False,0.0000,False,0.0000,False
157,dns2tcp_tunnel_99911_doh2_2020-03-31t00_48_24.605726,1.0000,True,0.0000,False,0.0000,False,0.0000,False
158,dns2tcp_tunnel_99911_doh2_2020-03-31t01_11_03.683722,1.0000,True,0.0000,False,0.0000,False,0.0000,False
159,dns2tcp_tunnel_99911_doh2_2020-03-31t01_33_43.166218,1.0000,True,0.0000,False,0.0000,False,0.0000,False
160,dns2tcp_tunnel_99911_doh2_2020-03-31t01_56_21.812307,1.0000,True,0.0000,False,0.0000,False,0.0000,False
161,dns2tcp_tunnel_99911_doh2_2020-03-31t02_19_01.405306,1.0000,True,0.0000,False,0.0000,False,0.0000,False
162,dns2tcp_tunnel_99911_doh2_2020-03-31t02_41_41.265959,1.0000,True,0.0000,False,0.0000,False,0.0000,False
163,dns2tcp_tunnel_99911_doh2_2020-03-31t03_04_15.305341,1.0000,True,0.0000,False,0.0000,False,0.0000,False
164,dns2tcp_tunnel_99911_doh2_2020-03-31t03_26_49.569817,1.0000,True,0.0000,False,0.0000,False,0.0000,False
165,dns2tcp_tunnel_99911_doh2_2020-03-31t03_49_24.012674,1.0000,True,0.0000,False,0.0000,False,0.0000,False
166,dns2tcp_tunnel_99911_doh2_2020-03-31t04_11_57.246996,1.0000,True,0.0000,False,0.0000,False,0.0000,False
167,dns2tcp_tunnel_99911_doh2_2020-03-31t04_34_31.690192,1.0000,True,0.0000,False,0.0000,False,0.0000,False
168,dns2tcp_tunnel_99911_doh2_2020-03-31t04_57_08.439163,1.0000,True,0.0000,False,0.0000,False,0.0000,False
169,dns2tcp_tunnel_99911_doh2_2020-03-31t05_19_46.543211,1.0000,True,0.0000,False,0.0000,False,0.0000,False
170,dns2tcp_tunnel_99911_doh2_2020-03-31t05_42_23.833872,1.0000,True,0.0000,False,0.0000,False,0.0000,False
171,dns2tcp_tunnel_99911_doh2_2020-03-31t06_05_02.555394,1.0000,True,0.0000,False,0.0000,False,0.0000,False
172,dns2tcp_tunnel_99911_doh2_2020-03-31t06_27_46.748369,1.0000,True,0.0000,False,0.0000,False,0.0000,False
173,dns2tcp_tunnel_99911_doh2_2020-03-31t06_50_25.737203,1.0000,True,0.0000,False,0.0000,False,0.0000,False
174,dns2tcp_tunnel_99911_doh2_2020-03-31t07_13_04.857931,1.0000,True,0.0000,False,0.0000,False,0.0000,False
175,dns2tcp_tunnel_99911_doh2_2020-03-31t07_35_43.684851,1.0000,True,0.0000,False,0.0000,False,0.0000,False
176,dns2tcp_tunnel_99911_doh2_2020-03-31t07_58_15.965533,1.0000,True,0.0000,False,0.0000,False,0.0000,False
177,dns2tcp_tunnel_99911_doh2_2020-03-31t08_20_50.289783,1.0000,True,0.0000,False,0.0000,False,0.0000,False
178,dns2tcp_tunnel_99911_doh2_2020-03-31t08_43_30.080682,1.0000,True,0.0000,False,0.0000,False,0.0000,False
179,dns2tcp_tunnel_99911_doh2_2020-03-31t09_06_07.723727,1.0000,True,0.0000,False,0.0000,False,0.0000,False
180,dns2tcp_tunnel_99911_doh2_2020-03-31t09_28_47.497244,1.0000,True,0.0000,False,0.0000,False,0.0000,False
181,dns2tcp_tunnel_99911_doh2_2020-03-31t09_51_31.395583,1.0000,True,0.0000,False,0.0000,False,0.0000,False
182,dns2tcp_tunnel_99911_doh2_2020-03-31t10_14_18.056327,1.0000,True,0.0000,False,0.0000,False,0.0000,False
183,dns2tcp_tunnel_99911_doh2_2020-03-31t10_37_00.659688,1.0000,True,0.0000,False,0.0000,False,0.0000,False
184,dns2tcp_tunnel_99911_doh2_2020-03-31t10_59_45.335226,1.0000,True,0.0000,False,0.0000,False,0.0000,False
185,dns2tcp_tunnel_99911_doh2_2020-03-31t11_22_25.279055,1.0000,True,0.0000,False,0.0000,False,0.0000,False
186,dns2tcp_tunnel_99911_doh2_2020-03-31t11_45_05.982239,1.0000,True,0.0000,False,0.0000,False,0.0000,False
187,dns2tcp_tunnel_99911_doh2_2020-03-31t12_07_45.529275,1.0000,True,0.0000,False,0.0000,False,0.0000,False
188,dns2tcp_tunnel_99911_doh2_2020-03-31t12_30_27.415865,1.0000,True,0.0000,False,0.0000,False,0.0000,False
189,dns2tcp_tunnel_99911_doh2_2020-03-31t12_53_08.006489,1.0000,True,0.0000,False,0.0000,False,0.0000,False
190,dns2tcp_tunnel_99911_doh2_2020-03-31t13_15_48.483801,1.0000,True,0.0000,False,0.0000,False,0.0000,False
191,dns2tcp_tunnel_99911_doh2_2020-03-31t13_38_27.024617,1.0000,True,0.0000,False,0.0000,False,0.0000,False
192,dns2tcp_tunnel_99911_doh2_2020-03-31t14_01_05.454686,1.0000,True,0.0000,False,0.0000,False,0.0000,False
193,dns2tcp_tunnel_99911_doh2_2020-03-31t14_23_44.715585,1.0000,True,0.0000,False,0.0000,False,0.0000,False
194,dns2tcp_tunnel_99911_doh2_2020-03-31t14_46_21.794299,1.0000,True,0.0000,False,0.0000,False,0.0000,False
195,dns2tcp_tunnel_99911_doh2_2020-03-31t15_08_59.582212,1.0000,True,0.0000,False,0.0000,False,0.0000,False
196,dns2tcp_tunnel_99911_doh2_2020-03-31t15_31_39.183038,1.0000,True,0.0000,False,0.0000,False,0.0000,False
197,dns2tcp_tunnel_99911_doh2_2020-03-31t15_54_11.949910,1.0000,True,0.0000,False,0.0000,False,0.0000,False
198,dns2tcp_tunnel_99911_doh2_2020-03-31t16_16_46.753944,1.0000,True,0.0000,False,0.0000,False,0.0000,False
199,dns2tcp_tunnel_99911_doh2_2020-03-31t16_39_18.292354,1.0000,True,0.0000,False,0.0000,False,0.0000,False
200,dns2tcp_tunnel_99911_doh2_2020-03-31t17_01_52.712055,1.0000,True,0.0000,False,0.0000,False,0.0000,False
201,dns2tcp_tunnel_99911_doh2_2020-03-31t17_24_24.894044,1.0000,True,0.0000,False,0.0000,False,0.0000,False
202,dns2tcp_tunnel_99911_doh2_2020-03-31t17_46_58.286049,1.0000,True,0.0000,False,0.0000,False,0.0000,False
203,dns2tcp_tunnel_99911_doh2_2020-03-31t18_09_29.024947,1.0000,True,0.0000,False,0.0000,False,0.0000,False
204,dns2tcp_tunnel_99911_doh2_2020-03-31t18_32_00.407641,1.0000,True,0.0000,False,0.0000,False,0.0000,False
205,dns2tcp_tunnel_99911_doh2_2020-03-31t18_54_31.906255,1.0000,True,0.0000,False,0.0000,False,0.0000,False
206,dns2tcp_tunnel_99911_doh2_2020-03-31t19_17_00.644514,1.0000,True,0.0000,False,0.0000,False,0.0000,False
207,dns2tcp_tunnel_99911_doh2_2020-03-31t19_39_29.996145,1.0000,True,0.0000,False,0.0000,False,0.0000,False
208,dns2tcp_tunnel_99911_doh2_2020-03-31t20_01_58.705233,1.0000,True,0.0000,False,0.0000,False,0.0000,False
209,dns2tcp_tunnel_99911_doh2_2020-03-31t20_24_27.514597,1.0000,True,0.0000,False,0.0000,False,0.0000,False
210,dns2tcp_tunnel_99911_doh2_2020-03-31t20_46_56.322517,1.0000,True,0.0000,False,0.0000,False,0.0000,False
211,dns2tcp_tunnel_99911_doh2_2020-03-31t21_09_25.688476,1.0000,True,0.0000,False,0.0000,False,0.0000,False
212,dns2tcp_tunnel_99911_doh2_2020-03-31t21_31_54.357919,1.0000,True,0.0000,False,0.0000,False,0.0000,False
213,dns2tcp_tunnel_99911_doh3_2020-03-30t20_38_12.306120,1.0000,True,0.0000,False,0.0000,False,0.0000,False
214,dns2tcp_tunnel_99911_doh3_2020-03-30t21_01_51.417506,1.0000,True,0.0000,False,0.0000,False,0.0000,False
215,dns2tcp_tunnel_99911_doh3_2020-03-30t21_47_36.388255,1.0000,True,0.0000,False,0.0000,False,0.0000,False
216,dns2tcp_tunnel_99911_doh3_2020-03-30t22_10_16.086144,1.0000,True,0.0000,False,0.0000,False,0.0000,False
217,dns2tcp_tunnel_99911_doh3_2020-03-30t22_32_54.200887,1.0000,True,0.0000,False,0.0000,False,0.0000,False
218,dns2tcp_tunnel_99911_doh3_2020-03-30t22_55_31.341299,1.0000,True,0.0000,False,0.0000,False,0.0000,False
219,dns2tcp_tunnel_99911_doh3_2020-03-30t23_18_04.676955,1.0000,True,0.0000,False,0.0000,False,0.0000,False
220,dns2tcp_tunnel_99911_doh3_2020-03-30t23_40_37.011026,1.0000,True,0.0000,False,0.0000,False,0.0000,False
221,dns2tcp_tunnel_99911_doh3_2020-03-31t00_03_13.918512,1.0000,True,0.0000,False,0.0000,False,0.0000,False
222,dns2tcp_tunnel_99911_doh3_2020-03-31t00_25_48.003949,1.0000,True,0.0000,False,0.0000,False,0.0000,False
223,dns2tcp_tunnel_99911_doh3_2020-03-31t00_48_25.618110,1.0000,True,0.0000,False,0.0000,False,0.0000,False
224,dns2tcp_tunnel_99911_doh3_2020-03-31t01_11_04.741734,1.0000,True,0.0000,False,0.0000,False,0.0000,False
225,dns2tcp_tunnel_99911_doh3_2020-03-31t01_33_44.058906,1.0000,True,0.0000,False,0.0000,False,0.0000,False
226,dns2tcp_tunnel_99911_doh3_2020-03-31t01_56_22.782637,1.0000,True,0.0000,False,0.0000,False,0.0000,False
227,dns2tcp_tunnel_99911_doh3_2020-03-31t02_19_02.253995,1.0000,True,0.0000,False,0.0000,False,0.0000,False
228,dns2tcp_tunnel_99911_doh3_2020-03-31t02_41_41.959065,1.0000,True,0.0000,False,0.0000,False,0.0000,False
229,dns2tcp_tunnel_99911_doh3_2020-03-31t03_04_16.009085,1.0000,True,0.0000,False,0.0000,False,0.0000,False
230,dns2tcp_tunnel_99911_doh3_2020-03-31t03_26_50.532416,1.0000,True,0.0000,False,0.0000,False,0.0000,False
231,dns2tcp_tunnel_99911_doh3_2020-03-31t03_49_25.121543,1.0000,True,0.0000,False,0.0000,False,0.0000,False
232,dns2tcp_tunnel_99911_doh3_2020-03-31t04_11_58.472065,1.0000,True,0.0000,False,0.0000,False,0.0000,False
233,dns2tcp_tunnel_99911_doh3_2020-03-31t04_34_32.711213,1.0000,True,0.0000,False,0.0000,False,0.0000,False
234,dns2tcp_tunnel_99911_doh3_2020-03-31t04_57_09.485889,1.0000,True,0.0000,False,0.0000,False,0.0000,False
235,dns2tcp_tunnel_99911_doh3_2020-03-31t05_19_47.686204,1.0000,True,0.0000,False,0.0000,False,0.0000,False
236,dns2tcp_tunnel_99911_doh3_2020-03-31t05_42_25.052171,1.0000,True,0.0000,False,0.0000,False,0.0000,False
237,dns2tcp_tunnel_99911_doh3_2020-03-31t06_05_04.211640,1.0000,True,0.0000,False,0.0000,False,0.0000,False
238,dns2tcp_tunnel_99911_doh3_2020-03-31t06_27_47.710088,1.0000,True,0.0000,False,0.0000,False,0.0000,False
239,dns2tcp_tunnel_99911_doh3_2020-03-31t06_50_26.720660,1.0000,True,0.0000,False,0.0000,False,0.0000,False
240,dns2tcp_tunnel_99911_doh3_2020-03-31t07_13_05.868988,1.0000,True,0.0000,False,0.0000,False,0.0000,False
241,dns2tcp_tunnel_99911_doh3_2020-03-31t07_35_44.406735,1.0000,True,0.0000,False,0.0000,False,0.0000,False
242,dns2tcp_tunnel_99911_doh3_2020-03-31t07_58_16.632546,1.0000,True,0.0000,False,0.0000,False,0.0000,False
243,dns2tcp_tunnel_99911_doh3_2020-03-31t08_20_50.929547,1.0000,True,0.0000,False,0.0000,False,0.0000,False
244,dns2tcp_tunnel_99911_doh3_2020-03-31t08_43_30.862948,1.0000,True,0.0000,False,0.0000,False,0.0000,False
245,dns2tcp_tunnel_99911_doh3_2020-03-31t09_06_08.635047,1.0000,True,0.0000,False,0.0000,False,0.0000,False
246,dns2tcp_tunnel_99911_doh3_2020-03-31t09_28_48.581172,1.0000,True,0.0000,False,0.0000,False,0.0000,False
247,dns2tcp_tunnel_99911_doh3_2020-03-31t09_51_33.085274,1.0000,True,0.0000,False,0.0000,False,0.0000,False
248,dns2tcp_tunnel_99911_doh3_2020-03-31t10_14_19.214165,1.0000,True,0.0000,False,0.0000,False,0.0000,False
249,dns2tcp_tunnel_99911_doh3_2020-03-31t10_37_01.655493,1.0000,True,0.0000,False,0.0000,False,0.0000,False
250,dns2tcp_tunnel_99911_doh3_2020-03-31t10_59_46.413520,1.0000,True,0.0000,False,0.0000,False,0.0000,False
251,dns2tcp_tunnel_99911_doh3_2020-03-31t11_22_26.182973,1.0000,True,0.0000,False,0.0000,False,0.0000,False
252,dns2tcp_tunnel_99911_doh3_2020-03-31t11_45_06.838497,1.0000,True,0.0000,False,0.0000,False,0.0000,False
253,dns2tcp_tunnel_99911_doh3_2020-03-31t12_07_46.704994,1.0000,True,0.0000,False,0.0000,False,0.0000,False
254,dns2tcp_tunnel_99911_doh3_2020-03-31t12_30_28.312834,1.0000,True,0.0000,False,0.0000,False,0.0000,False
255,dns2tcp_tunnel_99911_doh3_2020-03-31t12_53_09.153331,1.0000,True,0.0000,False,0.0000,False,0.0000,False
256,dns2tcp_tunnel_99911_doh3_2020-03-31t13_15_49.670261,1.0000,True,0.0000,False,0.0000,False,0.0000,False
257,dns2tcp_tunnel_99911_doh3_2020-03-31t13_38_28.251682,1.0000,True,0.0000,False,0.0000,False,0.0000,False
258,dns2tcp_tunnel_99911_doh3_2020-03-31t14_01_06.547778,1.0000,True,0.0000,False,0.0000,False,0.0000,False
259,dns2tcp_tunnel_99911_doh3_2020-03-31t14_23_45.611013,1.0000,True,0.0000,False,0.0000,False,0.0000,False
260,dns2tcp_tunnel_99911_doh3_2020-03-31t14_46_22.470866,1.0000,True,0.0000,False,0.0000,False,0.0000,False
261,dns2tcp_tunnel_99911_doh3_2020-03-31t15_09_00.774694,1.0000,True,0.0000,False,0.0000,False,0.0000,False
262,dns2tcp_tunnel_99911_doh3_2020-03-31t15_31_39.850957,1.0000,True,0.0000,False,0.0000,False,0.0000,False
263,dns2tcp_tunnel_99911_doh3_2020-03-31t15_54_12.727210,1.0000,True,0.0000,False,0.0000,False,0.0000,False
264,dns2tcp_tunnel_99911_doh3_2020-03-31t16_16_47.357008,1.0000,True,0.0000,False,0.0000,False,0.0000,False
265,dns2tcp_tunnel_99911_doh3_2020-03-31t16_39_19.028752,1.0000,True,0.0000,False,0.0000,False,0.0000,False
266,dns2tcp_tunnel_99911_doh3_2020-03-31t17_01_53.329801,1.0000,True,0.0000,False,0.0000,False,0.0000,False
267,dns2tcp_tunnel_99911_doh3_2020-03-31t17_24_25.656687,1.0000,True,0.0000,False,0.0000,False,0.0000,False
268,dns2tcp_tunnel_99911_doh3_2020-03-31t17_46_58.984698,1.0000,True,0.0000,False,0.0000,False,0.0000,False
269,dns2tcp_tunnel_99911_doh3_2020-03-31t18_09_29.669597,1.0000,True,0.0000,False,0.0000,False,0.0000,False
270,dns2tcp_tunnel_99911_doh3_2020-03-31t18_32_01.328335,1.0000,True,0.0000,False,0.0000,False,0.0000,False
271,dns2tcp_tunnel_99911_doh3_2020-03-31t18_54_32.600351,1.0000,True,0.0000,False,0.0000,False,0.0000,False
272,dns2tcp_tunnel_99911_doh3_2020-03-31t19_17_01.344179,1.0000,True,0.0000,False,0.0000,False,0.0000,False
273,dns2tcp_tunnel_99911_doh3_2020-03-31t19_39_30.664992,1.0000,True,0.0000,False,0.0000,False,0.0000,False
274,dns2tcp_tunnel_99911_doh3_2020-03-31t20_01_59.362943,1.0000,True,0.0000,False,0.0000,False,0.0000,False
275,dns2tcp_tunnel_99911_doh3_2020-03-31t20_24_28.184510,1.0000,True,0.0000,False,0.0000,False,0.0000,False
276,dns2tcp_tunnel_99911_doh3_2020-03-31t20_46_56.966615,1.0000,True,0.0000,False,0.0000,False,0.0000,False
277,dns2tcp_tunnel_99911_doh3_2020-03-31t21_09_26.342695,1.0000,True,0.0000,False,0.0000,False,0.0000,False
278,dns2tcp_tunnel_99911_doh3_2020-03-31t21_31_54.974406,1.0000,True,0.0000,False,0.0000,False,0.0000,False
279,dns2tcp_tunnel_99911_doh4_2020-03-30t19_28_52.842770,1.0000,True,0.0000,False,0.0000,False,0.0000,False
280,dns2tcp_tunnel_99911_doh4_2020-03-30t20_14_46.213820,1.0000,True,0.0000,False,0.0000,False,0.0000,False
281,dns2tcp_tunnel_99911_doh4_2020-03-30t21_01_53.536390,1.0000,True,0.0000,False,0.0000,False,0.0000,False
282,dns2tcp_tunnel_99911_doh4_2020-03-30t21_47_38.090394,1.0000,True,0.0000,False,0.0000,False,0.0000,False
283,dns2tcp_tunnel_99911_doh4_2020-03-30t22_10_17.134875,1.0000,True,0.0000,False,0.0000,False,0.0000,False
284,dns2tcp_tunnel_99911_doh4_2020-03-30t22_32_55.458848,1.0000,True,0.0000,False,0.0000,False,0.0000,False
285,dns2tcp_tunnel_99911_doh4_2020-03-30t22_55_32.317683,1.0000,True,0.0000,False,0.0000,False,0.0000,False
286,dns2tcp_tunnel_99911_doh4_2020-03-30t23_18_05.427974,1.0000,True,0.0000,False,0.0000,False,0.0000,False
287,dns2tcp_tunnel_99911_doh4_2020-03-30t23_40_37.806643,1.0000,True,0.0000,False,0.0000,False,0.0000,False
288,dns2tcp_tunnel_99911_doh4_2020-03-31t00_03_14.781434,1.0000,True,0.0000,False,0.0000,False,0.0000,False
289,dns2tcp_tunnel_99911_doh4_2020-03-31t00_25_49.034978,1.0000,True,0.0000,False,0.0000,False,0.0000,False
290,dns2tcp_tunnel_99911_doh4_2020-03-31t00_48_26.649409,1.0000,True,0.0000,False,0.0000,False,0.0000,False
291,dns2tcp_tunnel_99911_doh4_2020-03-31t01_11_05.616843,1.0000,True,0.0000,False,0.0000,False,0.0000,False
292,dns2tcp_tunnel_99911_doh4_2020-03-31t01_33_45.029066,1.0000,True,0.0000,False,0.0000,False,0.0000,False
293,dns2tcp_tunnel_99911_doh4_2020-03-31t01_56_23.860952,1.0000,True,0.0000,False,0.0000,False,0.0000,False
294,dns2tcp_tunnel_99911_doh4_2020-03-31t02_19_03.021271,1.0000,True,0.0000,False,0.0000,False,0.0000,False
295,dns2tcp_tunnel_99911_doh4_2020-03-31t02_41_42.731276,1.0000,True,0.0000,False,0.0000,False,0.0000,False
296,dns2tcp_tunnel_99911_doh4_2020-03-31t03_04_16.647746,1.0000,True,0.0000,False,0.0000,False,0.0000,False
297,dns2tcp_tunnel_99911_doh4_2020-03-31t03_26_51.255859,1.0000,True,0.0000,False,0.0000,False,0.0000,False
298,dns2tcp_tunnel_99911_doh4_2020-03-31t03_49_25.732152,1.0000,True,0.0000,False,0.0000,False,0.0000,False
299,dns2tcp_tunnel_99911_doh4_2020-03-31t04_11_58.994549,1.0000,True,0.0000,False,0.0000,False,0.0000,False
300,dns2tcp_tunnel_99911_doh4_2020-03-31t04_34_33.224692,1.0000,True,0.0000,False,0.0000,False,0.0000,False
301,dns2tcp_tunnel_99911_doh4_2020-03-31t04_57_10.317928,1.0000,True,0.0000,False,0.0000,False,0.0000,False
302,dns2tcp_tunnel_99911_doh4_2020-03-31t05_19_48.455456,1.0000,True,0.0000,False,0.0000,False,0.0000,False
303,dns2tcp_tunnel_99911_doh4_2020-03-31t05_42_25.675062,1.0000,True,0.0000,False,0.0000,False,0.0000,False
304,dns2tcp_tunnel_99911_doh4_2020-03-31t06_05_05.030995,1.0000,True,0.0000,False,0.0000,False,0.0000,False
305,dns2tcp_tunnel_99911_doh4_2020-03-31t06_27_48.406503,1.0000,True,0.0000,False,0.0000,False,0.0000,False
306,dns2tcp_tunnel_99911_doh4_2020-03-31t06_50_27.484226,1.0000,True,0.0000,False,0.0000,False,0.0000,False
307,dns2tcp_tunnel_99911_doh4_2020-03-31t07_13_06.787915,1.0000,True,0.0000,False,0.0000,False,0.0000,False
308,dns2tcp_tunnel_99911_doh4_2020-03-31t07_35_45.016767,1.0000,True,0.0000,False,0.0000,False,0.0000,False
309,dns2tcp_tunnel_99911_doh4_2020-03-31t07_58_17.169659,1.0000,True,0.0000,False,0.0000,False,0.0000,False
310,dns2tcp_tunnel_99911_doh4_2020-03-31t08_20_51.653145,1.0000,True,0.0000,False,0.0000,False,0.0000,False
311,dns2tcp_tunnel_99911_doh4_2020-03-31t08_43_31.521956,1.0000,True,0.0000,False,0.0000,False,0.0000,False
312,dns2tcp_tunnel_99911_doh4_2020-03-31t09_06_09.329259,1.0000,True,0.0000,False,0.0000,False,0.0000,False
313,dns2tcp_tunnel_99911_doh4_2020-03-31t09_28_49.327973,1.0000,True,0.0000,False,0.0000,False,0.0000,False
314,dns2tcp_tunnel_99911_doh4_2020-03-31t09_51_34.131395,1.0000,True,0.0000,False,0.0000,False,0.0000,False
315,dns2tcp_tunnel_99911_doh4_2020-03-31t10_14_19.912890,1.0000,True,0.0000,False,0.0000,False,0.0000,False
316,dns2tcp_tunnel_99911_doh4_2020-03-31t10_37_02.207846,1.0000,True,0.0000,False,0.0000,False,0.0000,False
317,dns2tcp_tunnel_99911_doh4_2020-03-31t10_59_47.338977,1.0000,True,0.0000,False,0.0000,False,0.0000,False
318,dns2tcp_tunnel_99911_doh4_2020-03-31t11_22_27.098695,1.0000,True,0.0000,False,0.0000,False,0.0000,False
319,dns2tcp_tunnel_99911_doh4_2020-03-31t11_45_07.624331,1.0000,True,0.0000,False,0.0000,False,0.0000,False
320,dns2tcp_tunnel_99911_doh4_2020-03-31t12_07_47.453907,1.0000,True,0.0000,False,0.0000,False,0.0000,False
321,dns2tcp_tunnel_99911_doh4_2020-03-31t12_30_29.180385,1.0000,True,0.0000,False,0.0000,False,0.0000,False
322,dns2tcp_tunnel_99911_doh4_2020-03-31t12_53_09.825848,1.0000,True,0.0000,False,0.0000,False,0.0000,False
323,dns2tcp_tunnel_99911_doh4_2020-03-31t13_15_50.455290,1.0000,True,0.0000,False,0.0000,False,0.0000,False
324,dns2tcp_tunnel_99911_doh4_2020-03-31t13_38_29.079792,1.0000,True,0.0000,False,0.0000,False,0.0000,False
325,dns2tcp_tunnel_99911_doh4_2020-03-31t14_01_07.331155,1.0000,True,0.0000,False,0.0000,False,0.0000,False
326,dns2tcp_tunnel_99911_doh4_2020-03-31t14_23_46.290631,1.0000,True,0.0000,False,0.0000,False,0.0000,False
327,dns2tcp_tunnel_99911_doh4_2020-03-31t14_46_23.058385,1.0000,True,0.0000,False,0.0000,False,0.0000,False
328,dns2tcp_tunnel_99911_doh4_2020-03-31t15_09_01.375749,1.0000,True,0.0000,False,0.0000,False,0.0000,False
329,dns2tcp_tunnel_99911_doh4_2020-03-31t15_31_40.556679,1.0000,True,0.0000,False,0.0000,False,0.0000,False
330,dns2tcp_tunnel_99911_doh4_2020-03-31t15_54_13.346720,1.0000,True,0.0000,False,0.0000,False,0.0000,False
331,dns2tcp_tunnel_99911_doh4_2020-03-31t16_16_47.960518,1.0000,True,0.0000,False,0.0000,False,0.0000,False
332,dns2tcp_tunnel_99911_doh4_2020-03-31t16_39_19.580585,1.0000,True,0.0000,False,0.0000,False,0.0000,False
333,dns2tcp_tunnel_99911_doh4_2020-03-31t17_01_53.870580,1.0000,True,0.0000,False,0.0000,False,0.0000,False
334,dns2tcp_tunnel_99911_doh4_2020-03-31t17_24_26.246154,1.0000,True,0.0000,False,0.0000,False,0.0000,False
335,dns2tcp_tunnel_99911_doh4_2020-03-31t17_46_59.556531,1.0000,False,0.0000,False,0.0000,False,0.0000,False
336,dns2tcp_tunnel_99911_doh4_2020-03-31t18_09_30.285838,1.0000,False,0.0000,False,0.0000,False,0.0000,False
337,dns2tcp_tunnel_99911_doh4_2020-03-31t18_32_01.991167,1.0000,False,0.0000,False,0.0000,False,0.0000,False
338,dns2tcp_tunnel_99911_doh4_2020-03-31t18_54_33.141385,1.0000,False,0.0000,False,0.0000,False,0.0000,False
339,dns2tcp_tunnel_99911_doh4_2020-03-31t19_17_01.884574,1.0000,False,0.0000,False,0.0000,False,0.0000,False
340,dns2tcp_tunnel_99911_doh4_2020-03-31t19_39_31.206899,1.0000,False,0.0000,False,0.0000,False,0.0000,False
341,dns2tcp_tunnel_99911_doh4_2020-03-31t20_01_59.880409,1.0000,False,0.0000,False,0.0000,False,0.0000,False
342,dns2tcp_tunnel_99911_doh4_2020-03-31t20_24_28.781524,1.0000,False,0.0000,False,0.0000,False,0.0000,False
343,dns2tcp_tunnel_99911_doh4_2020-03-31t20_46_57.503479,1.0000,False,0.0000,False,0.0000,False,0.0000,False
344,dns2tcp_tunnel_99911_doh4_2020-03-31t21_09_26.882438,1.0000,False,0.0000,False,0.0000,False,0.0000,False
345,dns2tcp_tunnel_99911_doh4_2020-03-31t21_31_55.516666,1.0000,False,0.0000,False,0.0000,False,0.0000,False
346,dns2tcp_tunnel_99911_doh5_2020-03-30t20_14_47.066924,1.0000,False,0.0000,False,0.0000,False,0.0000,False
347,dns2tcp_tunnel_99911_doh5_2020-03-30t20_38_14.820181,1.0000,False,0.0000,False,0.0000,False,0.0000,False
348,dns2tcp_tunnel_99911_doh5_2020-03-30t21_01_54.717326,1.0000,False,0.0000,False,0.0000,False,0.0000,False
349,dns2tcp_tunnel_99911_doh5_2020-03-30t21_24_49.513869,1.0000,False,0.0000,False,0.0000,False,0.0000,False
350,dns2tcp_tunnel_99911_doh5_2020-03-30t21_47_38.863631,1.0000,False,0.0000,False,0.0000,False,0.0000,False
351,dns2tcp_tunnel_99911_doh5_2020-03-30t22_10_18.086914,1.0000,False,0.0000,False,0.0000,False,0.0000,False
352,dns2tcp_tunnel_99911_doh5_2020-03-30t22_32_56.108044,1.0000,False,0.0000,False,0.0000,False,0.0000,False
353,dns2tcp_tunnel_99911_doh5_2020-03-30t22_55_32.999974,1.0000,False,0.0000,False,0.0000,False,0.0000,False
354,dns2tcp_tunnel_99911_doh5_2020-03-30t23_18_06.019527,1.0000,False,0.0000,False,0.0000,False,0.0000,False
355,dns2tcp_tunnel_99911_doh5_2020-03-30t23_40_38.396515,1.0000,False,0.0000,False,0.0000,False,0.0000,False
356,dns2tcp_tunnel_99911_doh5_2020-03-31t00_03_15.354847,1.0000,False,0.0000,False,0.0000,False,0.0000,False
357,dns2tcp_tunnel_99911_doh5_2020-03-31t00_25_49.767097,1.0000,False,0.0000,False,0.0000,False,0.0000,False
358,dns2tcp_tunnel_99911_doh5_2020-03-31t00_48_27.637508,1.0000,False,0.0000,False,0.0000,False,0.0000,False
359,dns2tcp_tunnel_99911_doh5_2020-03-31t01_11_06.817592,1.0000,False,0.0000,False,0.0000,False,0.0000,False
360,dns2tcp_tunnel_99911_doh5_2020-03-31t01_33_46.066319,1.0000,False,0.0000,False,0.0000,False,0.0000,False
361,dns2tcp_tunnel_99911_doh5_2020-03-31t01_56_24.704902,1.0000,False,0.0000,False,0.0000,False,0.0000,False
362,dns2tcp_tunnel_99911_doh5_2020-03-31t02_19_03.747614,1.0000,False,0.0000,False,0.0000,False,0.0000,False
363,dns2tcp_tunnel_99911_doh5_2020-03-31t02_41_43.375022,1.0000,False,0.0000,False,0.0000,False,0.0000,False
364,dns2tcp_tunnel_99911_doh5_2020-03-31t03_04_17.438184,1.0000,False,0.0000,False,0.0000,False,0.0000,False
365,dns2tcp_tunnel_99911_doh5_2020-03-31t03_26_51.885024,1.0000,False,0.0000,False,0.0000,False,0.0000,False
366,dns2tcp_tunnel_99911_doh5_2020-03-31t03_49_26.449451,1.0000,False,0.0000,False,0.0000,False,0.0000,False
367,dns2tcp_tunnel_99911_doh5_2020-03-31t04_11_59.669982,1.0000,False,0.0000,False,0.0000,False,0.0000,False
368,dns2tcp_tunnel_99911_doh5_2020-03-31t04_34_33.748488,1.0000,False,0.0000,False,0.0000,False,0.0000,False
369,dns2tcp_tunnel_99911_doh5_2020-03-31t04_57_11.040809,1.0000,False,0.0000,False,0.0000,False,0.0000,False
370,dns2tcp_tunnel_99911_doh5_2020-03-31t05_19_49.142812,1.0000,False,0.0000,False,0.0000,False,0.0000,False
371,dns2tcp_tunnel_99911_doh5_2020-03-31t05_42_26.429856,1.0000,False,0.0000,False,0.0000,False,0.0000,False
372,dns2tcp_tunnel_99911_doh5_2020-03-31t06_05_06.145780,1.0000,False,0.0000,False,0.0000,False,0.0000,False
373,dns2tcp_tunnel_99911_doh5_2020-03-31t06_27_49.316218,1.0000,False,0.0000,False,0.0000,False,0.0000,False
374,dns2tcp_tunnel_99911_doh5_2020-03-31t06_50_28.336020,1.0000,False,0.0000,False,0.0000,False,0.0000,False
375,dns2tcp_tunnel_99911_doh5_2020-03-31t07_13_07.701264,1.0000,False,0.0000,False,0.0000,False,0.0000,False
376,dns2tcp_tunnel_99911_doh5_2020-03-31t07_35_45.600036,1.0000,False,0.0000,False,0.0000,False,0.0000,False
377,dns2tcp_tunnel_99911_doh5_2020-03-31t07_58_17.815878,1.0000,False,0.0000,False,0.0000,False,0.0000,False
378,dns2tcp_tunnel_99911_doh5_2020-03-31t08_20_52.502618,1.0000,False,0.0000,False,0.0000,False,0.0000,False
379,dns2tcp_tunnel_99911_doh5_2020-03-31t08_43_32.121667,1.0000,False,0.0000,False,0.0000,False,0.0000,False
380,dns2tcp_tunnel_99911_doh5_2020-03-31t09_06_10.027745,1.0000,False,0.0000,False,0.0000,False,0.0000,False
381,dns2tcp_tunnel_99911_doh5_2020-03-31t09_28_50.280954,1.0000,False,0.0000,False,0.0000,False,0.0000,False
382,dns2tcp_tunnel_99911_doh5_2020-03-31t09_51_35.397884,1.0000,False,0.0000,False,0.0000,False,0.0000,False
383,dns2tcp_tunnel_99911_doh5_2020-03-31t10_14_20.799417,1.0000,False,0.0000,False,0.0000,False,0.0000,False
384,dns2tcp_tunnel_99911_doh5_2020-03-31t10_37_03.275345,1.0000,False,0.0000,False,0.0000,False,0.0000,False
385,dns2tcp_tunnel_99911_doh5_2020-03-31t10_59_48.557431,1.0000,False,0.0000,False,0.0000,False,0.0000,False
386,dns2tcp_tunnel_99911_doh5_2020-03-31t11_22_27.753485,1.0000,False,0.0000,False,0.0000,False,0.0000,False
387,dns2tcp_tunnel_99911_doh5_2020-03-31t11_45_08.375348,1.0000,False,0.0000,False,0.0000,False,0.0000,False
388,dns2tcp_tunnel_99911_doh5_2020-03-31t12_07_48.088881,1.0000,False,0.0000,False,0.0000,False,0.0000,False
389,dns2tcp_tunnel_99911_doh5_2020-03-31t12_30_30.166265,1.0000,False,0.0000,False,0.0000,False,0.0000,False
390,dns2tcp_tunnel_99911_doh5_2020-03-31t12_53_10.553232,1.0000,False,0.0000,False,0.0000,False,0.0000,False
391,dns2tcp_tunnel_99911_doh5_2020-03-31t13_15_51.212013,1.0000,False,0.0000,False,0.0000,False,0.0000,False
392,dns2tcp_tunnel_99911_doh5_2020-03-31t13_38_29.907342,1.0000,False,0.0000,False,0.0000,False,0.0000,False
393,dns2tcp_tunnel_99911_doh5_2020-03-31t14_01_08.024519,1.0000,False,0.0000,False,0.0000,False,0.0000,False
394,dns2tcp_tunnel_99911_doh5_2020-03-31t14_23_46.991318,1.0000,False,0.0000,False,0.0000,False,0.0000,False
395,dns2tcp_tunnel_99911_doh5_2020-03-31t14_46_23.616307,1.0000,False,0.0000,False,0.0000,False,0.0000,False
396,dns2tcp_tunnel_99911_doh5_2020-03-31t15_09_02.264522,1.0000,False,0.0000,False,0.0000,False,0.0000,False
397,dns2tcp_tunnel_99911_doh5_2020-03-31t15_31_41.157872,1.0000,False,0.0000,False,0.0000,False,0.0000,False
398,dns2tcp_tunnel_99911_doh5_2020-03-31t15_54_13.872749,1.0000,False,0.0000,False,0.0000,False,0.0000,False
399,dns2tcp_tunnel_99911_doh5_2020-03-31t16_16_48.564305,1.0000,False,0.0000,False,0.0000,False,0.0000,False
400,dns2tcp_tunnel_99911_doh5_2020-03-31t16_39_21.293795,1.0000,False,0.0000,False,0.0000,False,0.0000,False
401,dns2tcp_tunnel_99911_doh5_2020-03-31t17_01_54.440976,1.0000,False,0.0000,False,0.0000,False,0.0000,False
402,dns2tcp_tunnel_99911_doh5_2020-03-31t17_24_27.026234,1.0000,False,0.0000,False,0.0000,False,0.0000,False
403,dns2tcp_tunnel_99911_doh5_2020-03-31t17_47_00.079566,1.0000,False,0.0000,False,0.0000,False,0.0000,False
404,dns2tcp_tunnel_99911_doh5_2020-03-31t18_09_30.831527,1.0000,False,0.0000,False,0.0000,False,0.0000,False
405,dns2tcp_tunnel_99911_doh5_2020-03-31t18_32_02.653368,1.0000,False,0.0000,False,0.0000,False,0.0000,False
406,dns2tcp_tunnel_99911_doh5_2020-03-31t18_54_33.691707,1.0000,False,0.0000,False,0.0000,False,0.0000,False
407,dns2tcp_tunnel_99911_doh5_2020-03-31t19_17_02.468757,1.0000,False,0.0000,False,0.0000,False,0.0000,False
408,dns2tcp_tunnel_99911_doh5_2020-03-31t19_39_31.734409,1.0000,False,0.0000,False,0.0000,False,0.0000,False
409,dns2tcp_tunnel_99911_doh5_2020-03-31t20_02_00.448784,1.0000,False,0.0000,False,0.0000,False,0.0000,False
410,dns2tcp_tunnel_99911_doh5_2020-03-31t20_24_29.402428,1.0000,False,0.0000,False,0.0000,False,0.0000,False
411,dns2tcp_tunnel_99911_doh5_2020-03-31t20_46_58.071006,1.0000,False,0.0000,False,0.0000,False,0.0000,False
412,dns2tcp_tunnel_99911_doh5_2020-03-31t21_09_27.421183,1.0000,False,0.0000,False,0.0000,False,0.0000,False
413,dns2tcp_tunnel_99911_doh5_2020-03-31t21_31_56.060923,1.0000,False,0.0000,False,0.0000,False,0.0000,False
414,dns2tcp_tunnel_99911_doh6_2020-03-30t21_24_51.489459,1.0000,False,0.0000,False,0.0000,False,0.0000,False
415,dns2tcp_tunnel_99911_doh6_2020-03-30t21_47_39.943336,1.0000,False,0.0000,False,0.0000,False,0.0000,False
416,dns2tcp_tunnel_99911_doh6_2020-03-30t22_10_19.166754,1.0000,False,0.0000,False,0.0000,False,0.0000,False
417,dns2tcp_tunnel_99911_doh6_2020-03-30t22_32_56.725156,1.0000,False,0.0000,False,0.0000,False,0.0000,False
418,dns2tcp_tunnel_99911_doh6_2020-03-30t22_55_33.619458,1.0000,False,0.0000,False,0.0000,False,0.0000,False
419,dns2tcp_tunnel_99911_doh6_2020-03-30t23_18_06.585549,1.0000,False,0.0000,False,0.0000,False,0.0000,False
420,dns2tcp_tunnel_99911_doh6_2020-03-30t23_40_39.288373,1.0000,False,0.0000,False,0.0000,False,0.0000,False
421,dns2tcp_tunnel_99911_doh6_2020-03-31t00_03_16.099192,1.0000,False,0.0000,False,0.0000,False,0.0000,False
422,dns2tcp_tunnel_99911_doh6_2020-03-31t00_25_50.546561,1.0000,False,0.0000,False,0.0000,False,0.0000,False
423,dns2tcp_tunnel_99911_doh6_2020-03-31t00_48_28.686991,1.0000,False,0.0000,False,0.0000,False,0.0000,False
424,dns2tcp_tunnel_99911_doh6_2020-03-31t01_11_07.748215,1.0000,False,0.0000,False,0.0000,False,0.0000,False
425,dns2tcp_tunnel_99911_doh6_2020-03-31t01_33_46.956507,1.0000,False,0.0000,False,0.0000,False,0.0000,False
426,dns2tcp_tunnel_99911_doh6_2020-03-31t01_56_25.850655,1.0000,False,0.0000,False,0.0000,False,0.0000,False
427,dns2tcp_tunnel_99911_doh6_2020-03-31t02_19_05.121578,1.0000,False,0.0000,False,0.0000,False,0.0000,False
428,dns2tcp_tunnel_99911_doh6_2020-03-31t02_41_44.145998,1.0000,False,0.0000,False,0.0000,False,0.0000,False
429,dns2tcp_tunnel_99911_doh6_2020-03-31t03_04_18.233861,1.0000,False,0.0000,False,0.0000,False,0.0000,False
430,dns2tcp_tunnel_99911_doh6_2020-03-31t03_26_52.536922,1.0000,False,0.0000,False,0.0000,False,0.0000,False
431,dns2tcp_tunnel_99911_doh6_2020-03-31t03_49_27.316622,1.0000,False,0.0000,False,0.0000,False,0.0000,False
432,dns2tcp_tunnel_99911_doh6_2020-03-31t04_12_00.383468,1.0000,False,0.0000,False,0.0000,False,0.0000,False
433,dns2tcp_tunnel_99911_doh6_2020-03-31t04_34_34.445292,1.0000,False,0.0000,False,0.0000,False,0.0000,False
434,dns2tcp_tunnel_99911_doh6_2020-03-31t04_57_11.803400,1.0000,False,0.0000,False,0.0000,False,0.0000,False
435,dns2tcp_tunnel_99911_doh6_2020-03-31t05_19_49.945770,1.0000,False,0.0000,False,0.0000,False,0.0000,False
436,dns2tcp_tunnel_99911_doh6_2020-03-31t05_42_27.291374,1.0000,False,0.0000,False,0.0000,False,0.0000,False
437,dns2tcp_tunnel_99911_doh6_2020-03-31t06_05_07.152498,1.0000,False,0.0000,False,0.0000,False,0.0000,False
438,dns2tcp_tunnel_99911_doh6_2020-03-31t06_27_50.264106,1.0000,False,0.0000,False,0.0000,False,0.0000,False
439,dns2tcp_tunnel_99911_doh6_2020-03-31t06_50_29.179761,1.0000,False,0.0000,False,0.0000,False,0.0000,False
440,dns2tcp_tunnel_99911_doh6_2020-03-31t07_13_08.585381,1.0000,False,0.0000,False,0.0000,False,0.0000,False
441,dns2tcp_tunnel_99911_doh6_2020-03-31t07_35_46.193424,1.0000,False,0.0000,False,0.0000,False,0.0000,False
442,dns2tcp_tunnel_99911_doh6_2020-03-31t07_58_18.398947,1.0000,False,0.0000,False,0.0000,False,0.0000,False
443,dns2tcp_tunnel_99911_doh6_2020-03-31t08_20_53.437924,1.0000,False,0.0000,False,0.0000,False,0.0000,False
444,dns2tcp_tunnel_99911_doh6_2020-03-31t08_43_32.683927,1.0000,False,0.0000,False,0.0000,False,0.0000,False
445,dns2tcp_tunnel_99911_doh6_2020-03-31t09_06_10.840382,1.0000,False,0.0000,False,0.0000,False,0.0000,False
446,dns2tcp_tunnel_99911_doh6_2020-03-31t09_28_51.098248,1.0000,False,0.0000,False,0.0000,False,0.0000,False
447,dns2tcp_tunnel_99911_doh6_2020-03-31t09_51_36.341084,1.0000,False,0.0000,False,0.0000,False,0.0000,False
448,dns2tcp_tunnel_99911_doh6_2020-03-31t10_14_21.755037,1.0000,False,0.0000,False,0.0000,False,0.0000,False
449,dns2tcp_tunnel_99911_doh6_2020-03-31t10_37_04.205773,1.0000,False,0.0000,False,0.0000,False,0.0000,False
450,dns2tcp_tunnel_99911_doh6_2020-03-31t10_59_49.665077,1.0000,False,0.0000,False,0.0000,False,0.0000,False
451,dns2tcp_tunnel_99911_doh6_2020-03-31t11_22_28.592219,1.0000,False,0.0000,False,0.0000,False,0.0000,False
452,dns2tcp_tunnel_99911_doh6_2020-03-31t11_45_09.251008,1.0000,False,0.0000,False,0.0000,False,0.0000,False
453,dns2tcp_tunnel_99911_doh6_2020-03-31t12_07_48.711499,1.0000,False,0.0000,False,0.0000,False,0.0000,False
454,dns2tcp_tunnel_99911_doh6_2020-03-31t12_30_30.866459,1.0000,False,0.0000,False,0.0000,False,0.0000,False
455,dns2tcp_tunnel_99911_doh6_2020-03-31t12_53_11.392993,1.0000,False,0.0000,False,0.0000,False,0.0000,False
456,dns2tcp_tunnel_99911_doh6_2020-03-31t13_15_51.874625,1.0000,False,0.0000,False,0.0000,False,0.0000,False
457,dns2tcp_tunnel_99911_doh6_2020-03-31t13_38_30.623894,1.0000,False,0.0000,False,0.0000,False,0.0000,False
458,dns2tcp_tunnel_99911_doh6_2020-03-31t14_01_08.965757,1.0000,False,0.0000,False,0.0000,False,0.0000,False
459,dns2tcp_tunnel_99911_doh6_2020-03-31t14_23_47.918870,1.0000,False,0.0000,False,0.0000,False,0.0000,False
460,dns2tcp_tunnel_99911_doh6_2020-03-31t14_46_24.297561,1.0000,False,0.0000,False,0.0000,False,0.0000,False
461,dns2tcp_tunnel_99911_doh6_2020-03-31t15_09_02.921119,1.0000,False,0.0000,False,0.0000,False,0.0000,False
462,dns2tcp_tunnel_99911_doh6_2020-03-31t15_31_41.724959,1.0000,False,0.0000,False,0.0000,False,0.0000,False
463,dns2tcp_tunnel_99911_doh6_2020-03-31t15_54_14.943769,1.0000,False,0.0000,False,0.0000,False,0.0000,False
464,dns2tcp_tunnel_99911_doh6_2020-03-31t16_16_49.137404,1.0000,False,0.0000,False,0.0000,False,0.0000,False
465,dns2tcp_tunnel_99911_doh6_2020-03-31t16_39_21.923638,1.0000,False,0.0000,False,0.0000,False,0.0000,False
466,dns2tcp_tunnel_99911_doh6_2020-03-31t17_01_55.035405,1.0000,False,0.0000,False,0.0000,False,0.0000,False
467,dns2tcp_tunnel_99911_doh6_2020-03-31t17_24_27.823226,1.0000,False,0.0000,False,0.0000,False,0.0000,False
468,dns2tcp_tunnel_99911_doh6_2020-03-31t17_47_00.668252,1.0000,False,0.0000,False,0.0000,False,0.0000,False
469,dns2tcp_tunnel_99911_doh6_2020-03-31t18_09_31.553417,1.0000,False,0.0000,False,0.0000,False,0.0000,False
470,dns2tcp_tunnel_99911_doh6_2020-03-31t18_32_03.330213,1.0000,False,0.0000,False,0.0000,False,0.0000,False
471,dns2tcp_tunnel_99911_doh6_2020-03-31t18_54_34.270791,1.0000,False,0.0000,False,0.0000,False,0.0000,False
472,dns2tcp_tunnel_99911_doh6_2020-03-31t19_17_03.145439,1.0000,False,0.0000,False,0.0000,False,0.0000,False
473,dns2tcp_tunnel_99911_doh6_2020-03-31t19_39_32.292510,1.0000,False,0.0000,False,0.0000,False,0.0000,False
474,dns2tcp_tunnel_99911_doh6_2020-03-31t20_02_00.977419,1.0000,False,0.0000,False,0.0000,False,0.0000,False
475,dns2tcp_tunnel_99911_doh6_2020-03-31t20_24_29.967299,1.0000,False,0.0000,False,0.0000,False,0.0000,False
476,dns2tcp_tunnel_99911_doh6_2020-03-31t20_46_58.632290,1.0000,False,0.0000,False,0.0000,False,0.0000,False
477,dns2tcp_tunnel_99911_doh6_2020-03-31t21_09_27.980171,1.0000,False,0.0000,False,0.0000,False,0.0000,False
478,dns2tcp_tunnel_99911_doh6_2020-03-31t21_31_56.616700,1.0000,False,0.0000,False,0.0000,False,0.0000,False
479,dns2tcp_tunnel_99911_doh7_2020-03-30t20_14_49.173267,1.0000,False,0.0000,False,0.0000,False,0.0000,False
480,dns2tcp_tunnel_99911_doh7_2020-03-30t21_01_59.671719,1.0000,False,0.0000,False,0.0000,False,0.0000,False
481,dns2tcp_tunnel_99911_doh7_2020-03-30t21_24_52.943488,1.0000,False,0.0000,False,0.0000,False,0.0000,False
482,dns2tcp_tunnel_99911_doh7_2020-03-30t21_47_41.385441,1.0000,False,0.0000,False,0.0000,False,0.0000,False
483,dns2tcp_tunnel_99911_doh7_2020-03-30t22_10_20.561488,1.0000,False,0.0000,False,0.0000,False,0.0000,False
484,dns2tcp_tunnel_99911_doh7_2020-03-30t22_32_57.357800,1.0000,False,0.0000,False,0.0000,False,0.0000,False
485,dns2tcp_tunnel_99911_doh7_2020-03-30t22_55_34.443823,1.0000,False,0.0000,False,0.0000,False,0.0000,False
486,dns2tcp_tunnel_99911_doh7_2020-03-30t23_18_07.368184,1.0000,False,0.0000,False,0.0000,False,0.0000,False
487,dns2tcp_tunnel_99911_doh7_2020-03-30t23_40_39.890364,1.0000,False,0.0000,False,0.0000,False,0.0000,False
488,dns2tcp_tunnel_99911_doh7_2020-03-31t00_03_16.805639,1.0000,False,0.0000,False,0.0000,False,0.0000,False
489,dns2tcp_tunnel_99911_doh7_2020-03-31t00_25_51.347577,1.0000,False,0.0000,False,0.0000,False,0.0000,False
490,dns2tcp_tunnel_99911_doh7_2020-03-31t00_48_29.523207,1.0000,False,0.0000,False,0.0000,False,0.0000,False
491,dns2tcp_tunnel_99911_doh7_2020-03-31t01_11_08.492820,1.0000,False,0.0000,False,0.0000,False,0.0000,False
492,dns2tcp_tunnel_99911_doh7_2020-03-31t01_33_47.857093,1.0000,False,0.0000,False,0.0000,False,0.0000,False
493,dns2tcp_tunnel_99911_doh7_2020-03-31t01_56_26.557187,1.0000,False,0.0000,False,0.0000,False,0.0000,False
494,dns2tcp_tunnel_99911_doh7_2020-03-31t02_19_05.764946,1.0000,False,0.0000,False,0.0000,False,0.0000,False
495,dns2tcp_tunnel_99911_doh7_2020-03-31t02_41_44.830593,1.0000,False,0.0000,False,0.0000,False,0.0000,False
496,dns2tcp_tunnel_99911_doh7_2020-03-31t03_04_18.957268,1.0000,False,0.0000,False,0.0000,False,0.0000,False
497,dns2tcp_tunnel_99911_doh7_2020-03-31t03_26_53.437918,1.0000,False,0.0000,False,0.0000,False,0.0000,False
498,dns2tcp_tunnel_99911_doh7_2020-03-31t03_49_27.914193,1.0000,False,0.0000,False,0.0000,False,0.0000,False
499,dns2tcp_tunnel_99911_doh7_2020-03-31t04_12_00.913995,1.0000,False,0.0000,False,0.0000,False,0.0000,False
500,dns2tcp_tunnel_99911_doh7_2020-03-31t04_34_35.132493,1.0000,False,0.0000,False,0.0000,False,0.0000,False
501,dns2tcp_tunnel_99911_doh7_2020-03-31t04_57_12.722590,1.0000,False,0.0000,False,0.0000,False,0.0000,False
502,dns2tcp_tunnel_99911_doh7_2020-03-31t05_19_50.610860,1.0000,False,0.0000,False,0.0000,False,0.0000,False
503,dns2tcp_tunnel_99911_doh7_2020-03-31t05_42_28.386711,1.0000,False,0.0000,False,0.0000,False,0.0000,False
504,dns2tcp_tunnel_99911_doh7_2020-03-31t06_05_08.422722,1.0000,False,0.0000,False,0.0000,False,0.0000,False
505,dns2tcp_tunnel_99911_doh7_2020-03-31t06_27_51.129008,1.0000,False,0.0000,False,0.0000,False,0.0000,False
506,dns2tcp_tunnel_99911_doh7_2020-03-31t06_50_30.080642,1.0000,False,0.0000,False,0.0000,False,0.0000,False
507,dns2tcp_tunnel_99911_doh7_2020-03-31t07_13_09.652235,1.0000,False,0.0000,False,0.0000,False,0.0000,False
508,dns2tcp_tunnel_99911_doh7_2020-03-31t07_35_46.829022,1.0000,False,0.0000,False,0.0000,False,0.0000,False
509,dns2tcp_tunnel_99911_doh7_2020-03-31t07_58_19.114052,1.0000,False,0.0000,False,0.0000,False,0.0000,False
510,dns2tcp_tunnel_99911_doh7_2020-03-31t08_20_54.395084,1.0000,False,0.0000,False,0.0000,False,0.0000,False
511,dns2tcp_tunnel_99911_doh7_2020-03-31t08_43_33.376821,1.0000,False,0.0000,False,0.0000,False,0.0000,False
512,dns2tcp_tunnel_99911_doh7_2020-03-31t09_06_11.595774,1.0000,False,0.0000,False,0.0000,False,0.0000,False
513,dns2tcp_tunnel_99911_doh7_2020-03-31t09_28_51.810309,1.0000,False,0.0000,False,0.0000,False,0.0000,False
514,dns2tcp_tunnel_99911_doh7_2020-03-31t09_51_37.443737,1.0000,False,0.0000,False,0.0000,False,0.0000,False
515,dns2tcp_tunnel_99911_doh7_2020-03-31t10_14_22.550361,1.0000,False,0.0000,False,0.0000,False,0.0000,False
516,dns2tcp_tunnel_99911_doh7_2020-03-31t10_37_05.342808,1.0000,False,0.0000,False,0.0000,False,0.0000,False
517,dns2tcp_tunnel_99911_doh7_2020-03-31t10_59_50.655419,1.0000,False,0.0000,False,0.0000,False,0.0000,False
518,dns2tcp_tunnel_99911_doh7_2020-03-31t11_22_29.239699,1.0000,False,0.0000,False,0.0000,False,0.0000,False
519,dns2tcp_tunnel_99911_doh7_2020-03-31t11_45_10.118117,1.0000,False,0.0000,False,0.0000,False,0.0000,False
520,dns2tcp_tunnel_99911_doh7_2020-03-31t12_07_49.916638,1.0000,False,0.0000,False,0.0000,False,0.0000,False
521,dns2tcp_tunnel_99911_doh7_2020-03-31t12_30_31.671923,1.0000,False,0.0000,False,0.0000,False,0.0000,False
522,dns2tcp_tunnel_99911_doh7_2020-03-31t12_53_12.507754,1.0000,False,0.0000,False,0.0000,False,0.0000,False
523,dns2tcp_tunnel_99911_doh7_2020-03-31t13_15_52.638600,1.0000,False,0.0000,False,0.0000,False,0.0000,False
524,dns2tcp_tunnel_99911_doh7_2020-03-31t13_38_31.288210,1.0000,False,0.0000,False,0.0000,False,0.0000,False
525,dns2tcp_tunnel_99911_doh7_2020-03-31t14_01_09.804392,1.0000,False,0.0000,False,0.0000,False,0.0000,False
526,dns2tcp_tunnel_99911_doh7_2020-03-31t14_23_48.878151,1.0000,False,0.0000,False,0.0000,False,0.0000,False
527,dns2tcp_tunnel_99911_doh7_2020-03-31t14_46_24.950370,1.0000,False,0.0000,False,0.0000,False,0.0000,False
528,dns2tcp_tunnel_99911_doh7_2020-03-31t15_09_03.780880,1.0000,False,0.0000,False,0.0000,False,0.0000,False
529,dns2tcp_tunnel_99911_doh7_2020-03-31t15_31_42.365922,1.0000,False,0.0000,False,0.0000,False,0.0000,False
530,dns2tcp_tunnel_99911_doh7_2020-03-31t15_54_15.540254,1.0000,False,0.0000,False,0.0000,False,0.0000,False
531,dns2tcp_tunnel_99911_doh7_2020-03-31t16_16_49.699273,1.0000,False,0.0000,False,0.0000,False,0.0000,False
532,dns2tcp_tunnel_99911_doh7_2020-03-31t16_39_22.774564,1.0000,False,0.0000,False,0.0000,False,0.0000,False
533,dns2tcp_tunnel_99911_doh7_2020-03-31t17_01_55.644383,1.0000,False,0.0000,False,0.0000,False,0.0000,False
534,dns2tcp_tunnel_99911_doh7_2020-03-31t17_24_28.548213,1.0000,False,0.0000,False,0.0000,False,0.0000,False
535,dns2tcp_tunnel_99911_doh7_2020-03-31t17_47_01.366984,1.0000,False,0.0000,False,0.0000,False,0.0000,False
536,dns2tcp_tunnel_99911_doh7_2020-03-31t18_09_32.173254,1.0000,False,0.0000,False,0.0000,False,0.0000,False
537,dns2tcp_tunnel_99911_doh7_2020-03-31t18_32_04.105361,1.0000,False,0.0000,False,0.0000,False,0.0000,False
538,dns2tcp_tunnel_99911_doh7_2020-03-31t18_54_34.834488,1.0000,False,0.0000,False,0.0000,False,0.0000,False
539,dns2tcp_tunnel_99911_doh7_2020-03-31t19_17_03.735558,1.0000,False,0.0000,False,0.0000,False,0.0000,False
540,dns2tcp_tunnel_99911_doh7_2020-03-31t19_39_32.862246,1.0000,False,0.0000,False,0.0000,False,0.0000,False
541,dns2tcp_tunnel_99911_doh7_2020-03-31t20_02_01.591641,1.0000,False,0.0000,False,0.0000,False,0.0000,False
542,dns2tcp_tunnel_99911_doh7_2020-03-31t20_24_30.542131,1.0000,False,0.0000,False,0.0000,False,0.0000,False
543,dns2tcp_tunnel_99911_doh7_2020-03-31t20_46_59.214894,1.0000,False,0.0000,False,0.0000,False,0.0000,False
544,dns2tcp_tunnel_99911_doh7_2020-03-31t21_09_28.551211,1.0000,False,0.0000,False,0.0000,False,0.0000,False
545,dns2tcp_tunnel_99911_doh7_2020-03-31t21_31_57.172591,1.0000,False,0.0000,False,0.0000,False,0.0000,False
546,dns2tcp_tunnel_99911_doh8_2020-03-30t20_14_51.470608,1.0000,False,0.0000,False,0.0000,False,0.0000,False
547,dns2tcp_tunnel_99911_doh8_2020-03-30t21_02_00.738486,1.0000,False,0.0000,False,0.0000,False,0.0000,False
548,dns2tcp_tunnel_99911_doh8_2020-03-30t21_24_54.576323,1.0000,False,0.0000,False,0.0000,False,0.0000,False
549,dns2tcp_tunnel_99911_doh8_2020-03-30t21_47_42.421408,1.0000,False,0.0000,False,0.0000,False,0.0000,False
550,dns2tcp_tunnel_99911_doh8_2020-03-30t22_10_21.266576,1.0000,False,0.0000,False,0.0000,False,0.0000,False
551,dns2tcp_tunnel_99911_doh8_2020-03-30t22_32_57.993146,1.0000,False,0.0000,False,0.0000,False,0.0000,False
552,dns2tcp_tunnel_99911_doh8_2020-03-30t22_55_35.132123,1.0000,False,0.0000,False,0.0000,False,0.0000,False
553,dns2tcp_tunnel_99911_doh8_2020-03-30t23_18_07.928481,1.0000,False,0.0000,False,0.0000,False,0.0000,False
554,dns2tcp_tunnel_99911_doh8_2020-03-30t23_40_40.624138,1.0000,False,0.0000,False,0.0000,False,0.0000,False
555,dns2tcp_tunnel_99911_doh8_2020-03-31t00_03_17.611011,1.0000,False,0.0000,False,0.0000,False,0.0000,False
556,dns2tcp_tunnel_99911_doh8_2020-03-31t00_25_52.100308,1.0000,False,0.0000,False,0.0000,False,0.0000,False
557,dns2tcp_tunnel_99911_doh8_2020-03-31t00_48_30.411379,1.0000,False,0.0000,False,0.0000,False,0.0000,False
558,dns2tcp_tunnel_99911_doh8_2020-03-31t01_11_09.393319,1.0000,False,0.0000,False,0.0000,False,0.0000,False
559,dns2tcp_tunnel_99911_doh8_2020-03-31t01_33_48.724025,1.0000,False,0.0000,False,0.0000,False,0.0000,False
560,dns2tcp_tunnel_99911_doh8_2020-03-31t01_56_27.250018,1.0000,False,0.0000,False,0.0000,False,0.0000,False
561,dns2tcp_tunnel_99911_doh8_2020-03-31t02_19_06.595866,1.0000,False,0.0000,False,0.0000,False,0.0000,False
562,dns2tcp_tunnel_99911_doh8_2020-03-31t02_41_45.639382,1.0000,False,0.0000,False,0.0000,False,0.0000,False
563,dns2tcp_tunnel_99911_doh8_2020-03-31t03_04_19.589257,1.0000,False,0.0000,False,0.0000,False,0.0000,False
564,dns2tcp_tunnel_99911_doh8_2020-03-31t03_26_54.056503,1.0000,False,0.0000,False,0.0000,False,0.0000,False
565,dns2tcp_tunnel_99911_doh8_2020-03-31t03_49_28.584063,1.0000,False,0.0000,False,0.0000,False,0.0000,False
566,dns2tcp_tunnel_99911_doh8_2020-03-31t04_12_01.651240,1.0000,False,0.0000,False,0.0000,False,0.0000,False
567,dns2tcp_tunnel_99911_doh8_2020-03-31t04_34_36.083477,1.0000,False,0.0000,False,0.0000,False,0.0000,False
568,dns2tcp_tunnel_99911_doh8_2020-03-31t04_57_13.425380,1.0000,False,0.0000,False,0.0000,False,0.0000,False
569,dns2tcp_tunnel_99911_doh8_2020-03-31t05_19_51.230217,1.0000,False,0.0000,False,0.0000,False,0.0000,False
570,dns2tcp_tunnel_99911_doh8_2020-03-31t05_42_29.262438,1.0000,False,0.0000,False,0.0000,False,0.0000,False
571,dns2tcp_tunnel_99911_doh8_2020-03-31t06_05_09.628915,1.0000,False,0.0000,False,0.0000,False,0.0000,False
572,dns2tcp_tunnel_99911_doh8_2020-03-31t06_27_51.806402,1.0000,False,0.0000,False,0.0000,False,0.0000,False
573,dns2tcp_tunnel_99911_doh8_2020-03-31t06_50_30.771926,1.0000,False,0.0000,False,0.0000,False,0.0000,False
574,dns2tcp_tunnel_99911_doh8_2020-03-31t07_13_10.572225,1.0000,False,0.0000,False,0.0000,False,0.0000,False
575,dns2tcp_tunnel_99911_doh8_2020-03-31t07_35_47.510815,1.0000,False,0.0000,False,0.0000,False,0.0000,False
576,dns2tcp_tunnel_99911_doh8_2020-03-31t07_58_19.750520,1.0000,False,0.0000,False,0.0000,False,0.0000,False
577,dns2tcp_tunnel_99911_doh8_2020-03-31t08_20_55.163890,1.0000,False,0.0000,False,0.0000,False,0.0000,False
578,dns2tcp_tunnel_99911_doh8_2020-03-31t08_43_34.038675,1.0000,False,0.0000,False,0.0000,False,0.0000,False
579,dns2tcp_tunnel_99911_doh8_2020-03-31t09_06_12.592040,1.0000,False,0.0000,False,0.0000,False,0.0000,False
580,dns2tcp_tunnel_99911_doh8_2020-03-31t09_28_52.613583,1.0000,False,0.0000,False,0.0000,False,0.0000,False
581,dns2tcp_tunnel_99911_doh8_2020-03-31t09_51_38.241947,1.0000,False,0.0000,False,0.0000,False,0.0000,False
582,dns2tcp_tunnel_99911_doh8_2020-03-31t10_14_23.310072,1.0000,False,0.0000,False,0.0000,False,0.0000,False
583,dns2tcp_tunnel_99911_doh8_2020-03-31t10_37_06.125652,1.0000,False,0.0000,False,0.0000,False,0.0000,False
584,dns2tcp_tunnel_99911_doh8_2020-03-31t10_59_51.615780,1.0000,False,0.0000,False,0.0000,False,0.0000,False
585,dns2tcp_tunnel_99911_doh8_2020-03-31t11_22_30.033636,1.0000,False,0.0000,False,0.0000,False,0.0000,False
586,dns2tcp_tunnel_99911_doh8_2020-03-31t11_45_11.186864,1.0000,False,0.0000,False,0.0000,False,0.0000,False
587,dns2tcp_tunnel_99911_doh8_2020-03-31t12_07_50.869515,1.0000,False,0.0000,False,0.0000,False,0.0000,False
588,dns2tcp_tunnel_99911_doh8_2020-03-31t12_30_32.703291,1.0000,False,0.0000,False,0.0000,False,0.0000,False
589,dns2tcp_tunnel_99911_doh8_2020-03-31t12_53_13.269707,1.0000,False,0.0000,False,0.0000,False,0.0000,False
590,dns2tcp_tunnel_99911_doh8_2020-03-31t13_15_53.269026,1.0000,False,0.0000,False,0.0000,False,0.0000,False
591,dns2tcp_tunnel_99911_doh8_2020-03-31t13_38_32.046407,1.0000,False,0.0000,False,0.0000,False,0.0000,False
592,dns2tcp_tunnel_99911_doh8_2020-03-31t14_01_10.712396,1.0000,False,0.0000,False,0.0000,False,0.0000,False
593,dns2tcp_tunnel_99911_doh8_2020-03-31t14_23_49.759990,1.0000,False,0.0000,False,0.0000,False,0.0000,False
594,dns2tcp_tunnel_99911_doh8_2020-03-31t14_46_26.222137,1.0000,False,0.0000,False,0.0000,False,0.0000,False
595,dns2tcp_tunnel_99911_doh8_2020-03-31t15_09_04.441514,1.0000,False,0.0000,False,0.0000,False,0.0000,False
596,dns2tcp_tunnel_99911_doh8_2020-03-31t15_31_42.999338,1.0000,False,0.0000,False,0.0000,False,0.0000,False
597,dns2tcp_tunnel_99911_doh8_2020-03-31t15_54_16.139731,1.0000,False,0.0000,False,0.0000,False,0.0000,False
598,dns2tcp_tunnel_99911_doh8_2020-03-31t16_16_50.343739,1.0000,False,0.0000,False,0.0000,False,0.0000,False
599,dns2tcp_tunnel_99911_doh8_2020-03-31t16_39_23.350801,1.0000,False,0.0000,False,0.0000,False,0.0000,False
600,dns2tcp_tunnel_99911_doh8_2020-03-31t17_01_56.292157,1.0000,False,0.0000,False,0.0000,False,0.0000,False
601,dns2tcp_tunnel_99911_doh8_2020-03-31t17_24_29.234105,1.0000,False,0.0000,False,0.0000,False,0.0000,False
602,dns2tcp_tunnel_99911_doh8_2020-03-31t17_47_01.964264,1.0000,False,0.0000,False,0.0000,False,0.0000,False
603,dns2tcp_tunnel_99911_doh8_2020-03-31t18_09_32.816870,1.0000,False,0.0000,False,0.0000,False,0.0000,False
604,dns2tcp_tunnel_99911_doh8_2020-03-31t18_32_04.737407,1.0000,False,0.0000,False,0.0000,False,0.0000,False
605,dns2tcp_tunnel_99911_doh8_2020-03-31t18_54_35.402265,1.0000,False,0.0000,False,0.0000,False,0.0000,False
606,dns2tcp_tunnel_99911_doh8_2020-03-31t19_17_04.309083,1.0000,False,0.0000,False,0.0000,False,0.0000,False
607,dns2tcp_tunnel_99911_doh8_2020-03-31t19_39_33.420257,1.0000,False,0.0000,False,0.0000,False,0.0000,False
608,dns2tcp_tunnel_99911_doh8_2020-03-31t20_02_02.137655,1.0000,False,0.0000,False,0.0000,False,0.0000,False
609,dns2tcp_tunnel_99911_doh8_2020-03-31t20_24_31.131069,1.0000,False,0.0000,False,0.0000,False,0.0000,False
610,dns2tcp_tunnel_99911_doh8_2020-03-31t20_46_59.777602,1.0000,False,0.0000,False,0.0000,False,0.0000,False
611,dns2tcp_tunnel_99911_doh8_2020-03-31t21_09_29.104274,1.0000,False,0.0000,False,0.0000,False,0.0000,False
612,dns2tcp_tunnel_99911_doh8_2020-03-31t21_31_57.734655,1.0000,False,0.0000,False,0.0000,False,0.0000,False
613,dns2tcp_tunnel_99911_doh9_2020-03-30t20_14_52.809596,1.0000,False,0.0000,False,0.0000,False,0.0000,False
614,dns2tcp_tunnel_99911_doh9_2020-03-30t21_02_02.760741,1.0000,False,0.0000,False,0.0000,False,0.0000,False
615,dns2tcp_tunnel_99911_doh9_2020-03-30t21_24_56.147351,1.0000,False,0.0000,False,0.0000,False,0.0000,False
616,dns2tcp_tunnel_99911_doh9_2020-03-30t21_47_43.620073,1.0000,False,0.0000,False,0.0000,False,0.0000,False
617,dns2tcp_tunnel_99911_doh9_2020-03-30t22_10_22.485082,1.0000,False,0.0000,False,0.0000,False,0.0000,False
618,dns2tcp_tunnel_99911_doh9_2020-03-30t22_32_58.926092,1.0000,False,0.0000,False,0.0000,False,0.0000,False
619,dns2tcp_tunnel_99911_doh9_2020-03-30t22_55_35.922582,1.0000,False,0.0000,False,0.0000,False,0.0000,False
620,dns2tcp_tunnel_99911_doh9_2020-03-30t23_18_08.456445,1.0000,False,0.0000,False,0.0000,False,0.0000,False
621,dns2tcp_tunnel_99911_doh9_2020-03-30t23_40_41.304006,1.0000,False,0.0000,False,0.0000,False,0.0000,False
622,dns2tcp_tunnel_99911_doh9_2020-03-31t00_03_18.385040,1.0000,False,0.0000,False,0.0000,False,0.0000,False
623,dns2tcp_tunnel_99911_doh9_2020-03-31t00_25_52.792677,1.0000,False,0.0000,False,0.0000,False,0.0000,False
624,dns2tcp_tunnel_99911_doh9_2020-03-31t00_48_31.394415,1.0000,False,0.0000,False,0.0000,False,0.0000,False
625,dns2tcp_tunnel_99911_doh9_2020-03-31t01_11_10.452750,1.0000,False,0.0000,False,0.0000,False,0.0000,False
626,dns2tcp_tunnel_99911_doh9_2020-03-31t01_33_49.435345,1.0000,False,0.0000,False,0.0000,False,0.0000,False
627,dns2tcp_tunnel_99911_doh9_2020-03-31t01_56_27.962607,1.0000,False,0.0000,False,0.0000,False,0.0000,False
628,dns2tcp_tunnel_99911_doh9_2020-03-31t02_19_07.781972,1.0000,False,0.0000,False,0.0000,False,0.0000,False
629,dns2tcp_tunnel_99911_doh9_2020-03-31t02_41_46.784537,1.0000,False,0.0000,False,0.0000,False,0.0000,False
630,dns2tcp_tunnel_99911_doh9_2020-03-31t03_04_20.279861,1.0000,False,0.0000,False,0.0000,False,0.0000,False
631,dns2tcp_tunnel_99911_doh9_2020-03-31t03_26_54.942364,1.0000,False,0.0000,False,0.0000,False,0.0000,False
632,dns2tcp_tunnel_99911_doh9_2020-03-31t03_49_29.389619,1.0000,False,0.0000,False,0.0000,False,0.0000,False
633,dns2tcp_tunnel_99911_doh9_2020-03-31t04_12_02.442157,1.0000,False,0.0000,False,0.0000,False,0.0000,False
634,dns2tcp_tunnel_99911_doh9_2020-03-31t04_34_36.641790,1.0000,False,0.0000,False,0.0000,False,0.0000,False
635,dns2tcp_tunnel_99911_doh9_2020-03-31t04_57_14.125469,1.0000,False,0.0000,False,0.0000,False,0.0000,False
636,dns2tcp_tunnel_99911_doh9_2020-03-31t05_19_51.935658,1.0000,False,0.0000,False,0.0000,False,0.0000,False
637,dns2tcp_tunnel_99911_doh9_2020-03-31t05_42_30.128274,1.0000,False,0.0000,False,0.0000,False,0.0000,False
638,dns2tcp_tunnel_99911_doh9_2020-03-31t06_05_10.352209,1.0000,False,0.0000,False,0.0000,False,0.0000,False
639,dns2tcp_tunnel_99911_doh9_2020-03-31t06_27_52.615728,1.0000,False,0.0000,False,0.0000,False,0.0000,False
640,dns2tcp_tunnel_99911_doh9_2020-03-31t06_50_31.656916,1.0000,False,0.0000,False,0.0000,False,0.0000,False
641,dns2tcp_tunnel_99911_doh9_2020-03-31t07_13_11.448882,1.0000,False,0.0000,False,0.0000,False,0.0000,False
642,dns2tcp_tunnel_99911_doh9_2020-03-31t07_35_48.097102,1.0000,False,0.0000,False,0.0000,False,0.0000,False
643,dns2tcp_tunnel_99911_doh9_2020-03-31t07_58_20.312248,1.0000,False,0.0000,False,0.0000,False,0.0000,False
644,dns2tcp_tunnel_99911_doh9_2020-03-31t08_20_55.877077,1.0000,False,0.0000,False,0.0000,False,0.0000,False
645,dns2tcp_tunnel_99911_doh9_2020-03-31t08_43_34.618382,1.0000,False,0.0000,False,0.0000,False,0.0000,False
646,dns2tcp_tunnel_99911_doh9_2020-03-31t09_06_13.377670,1.0000,False,0.0000,False,0.0000,False,0.0000,False
647,dns2tcp_tunnel_99911_doh9_2020-03-31t09_28_53.482953,1.0000,False,0.0000,False,0.0000,False,0.0000,False
648,dns2tcp_tunnel_99911_doh9_2020-03-31t09_51_39.000122,1.0000,False,0.0000,False,0.0000,False,0.0000,False
649,dns2tcp_tunnel_99911_doh9_2020-03-31t10_14_24.124126,1.0000,False,0.0000,False,0.0000,False,0.0000,False
650,dns2tcp_tunnel_99911_doh9_2020-03-31t10_37_07.029921,1.0000,False,0.0000,False,0.0000,False,0.0000,False
651,dns2tcp_tunnel_99911_doh9_2020-03-31t10_59_52.428711,1.0000,False,0.0000,False,0.0000,False,0.0000,False
652,dns2tcp_tunnel_99911_doh9_2020-03-31t11_22_30.628558,1.0000,False,0.0000,False,0.0000,False,0.0000,False
653,dns2tcp_tunnel_99911_doh9_2020-03-31t11_45_11.734458,1.0000,False,0.0000,False,0.0000,False,0.0000,False
654,dns2tcp_tunnel_99911_doh9_2020-03-31t12_07_51.901280,1.0000,False,0.0000,False,0.0000,False,0.0000,False
655,dns2tcp_tunnel_99911_doh9_2020-03-31t12_30_33.476647,1.0000,False,0.0000,False,0.0000,False,0.0000,False
656,dns2tcp_tunnel_99911_doh9_2020-03-31t12_53_14.017984,1.0000,False,0.0000,False,0.0000,False,0.0000,False
657,dns2tcp_tunnel_99911_doh9_2020-03-31t13_15_54.068348,1.0000,False,0.0000,False,0.0000,False,0.0000,False
658,dns2tcp_tunnel_99911_doh9_2020-03-31t13_38_33.085788,1.0000,False,0.0000,False,0.0000,False,0.0000,False
659,dns2tcp_tunnel_99911_doh9_2020-03-31t14_01_11.428570,1.0000,False,0.0000,False,0.0000,False,0.0000,False
660,dns2tcp_tunnel_99911_doh9_2020-03-31t14_23_50.434623,1.0000,False,0.0000,False,0.0000,False,0.0000,False
661,dns2tcp_tunnel_99911_doh9_2020-03-31t14_46_26.854622,1.0000,False,0.0000,False,0.0000,False,0.0000,False
662,dns2tcp_tunnel_99911_doh9_2020-03-31t15_09_05.277927,1.0000,False,0.0000,False,0.0000,False,0.0000,False
663,dns2tcp_tunnel_99911_doh9_2020-03-31t15_31_43.722635,1.0000,False,0.0000,False,0.0000,False,0.0000,False
664,dns2tcp_tunnel_99911_doh9_2020-03-31t15_54_16.900576,1.0000,False,0.0000,False,0.0000,False,0.0000,False
665,dns2tcp_tunnel_99911_doh9_2020-03-31t16_16_50.879366,1.0000,False,0.0000,False,0.0000,False,0.0000,False
666,dns2tcp_tunnel_99911_doh9_2020-03-31t16_39_23.873308,1.0000,False,0.0000,False,0.0000,False,0.0000,False
667,dns2tcp_tunnel_99911_doh9_2020-03-31t17_01_56.862907,1.0000,False,0.0000,False,0.0000,False,0.0000,False
668,dns2tcp_tunnel_99911_doh9_2020-03-31t17_24_29.830051,1.0000,False,0.0000,False,0.0000,False,0.0000,False
669,dns2tcp_tunnel_99911_doh9_2020-03-31t17_47_02.591551,1.0000,False,0.0000,False,0.0000,False,0.0000,False
670,dns2tcp_tunnel_99911_doh9_2020-03-31t18_09_33.365463,1.0000,False,0.0000,False,0.0000,False,0.0000,False
671,dns2tcp_tunnel_99911_doh9_2020-03-31t18_32_05.416372,1.0000,False,0.0000,False,0.0000,False,0.0000,False
672,dns2tcp_tunnel_99911_doh9_2020-03-31t18_54_35.932274,1.0000,False,0.0000,False,0.0000,False,0.0000,False
673,dns2tcp_tunnel_99911_doh9_2020-03-31t19_17_04.826488,1.0000,False,0.0000,False,0.0000,False,0.0000,False
674,dns2tcp_tunnel_99911_doh9_2020-03-31t19_39_33.959670,1.0000,False,0.0000,False,0.0000,False,0.0000,False
675,dns2tcp_tunnel_99911_doh9_2020-03-31t20_02_02.786537,1.0000,False,0.0000,False,0.0000,False,0.0000,False
676,dns2tcp_tunnel_99911_doh9_2020-03-31t20_24_31.666820,1.0000,False,0.0000,False,0.0000,False,0.0000,False
677,dns2tcp_tunnel_99911_doh9_2020-03-31t20_47_00.303308,1.0000,False,0.0000,False,0.0000,False,0.0000,False
678,dns2tcp_tunnel_99911_doh9_2020-03-31t21_09_29.630687,1.0000,False,0.0000,False,0.0000,False,0.0000,False
679,dns2tcp_tunnel_99911_doh9_2020-03-31t21_31_58.233935,1.0000,False,0.0000,False,0.0000,False,0.0000,False
680,dns2tcp_tunnel_dnsgoogle_doh1_2020-03-30t21_36_09.690883,1.0000,False,0.0000,False,0.0000,False,0.0000,False
681,dns2tcp_tunnel_dnsgoogle_doh1_2020-03-30t21_58_56.471447,1.0000,False,0.0000,False,0.0000,False,0.0000,False
682,dns2tcp_tunnel_dnsgoogle_doh1_2020-03-30t22_21_36.287132,1.0000,False,0.0000,False,0.0000,False,0.0000,False
683,dns2tcp_tunnel_dnsgoogle_doh1_2020-03-30t22_44_11.534265,1.0000,False,0.0000,False,0.0000,False,0.0000,False
684,dns2tcp_tunnel_dnsgoogle_doh1_2020-03-30t23_06_48.684617,1.0000,False,0.0000,False,0.0000,False,0.0000,False
685,dns2tcp_tunnel_dnsgoogle_doh1_2020-03-30t23_29_20.285021,1.0000,False,0.0000,False,0.0000,False,0.0000,False
686,dns2tcp_tunnel_dnsgoogle_doh1_2020-03-30t23_51_54.109441,1.0000,False,0.0000,False,0.0000,False,0.0000,False
687,dns2tcp_tunnel_dnsgoogle_doh1_2020-03-31t00_14_30.704252,1.0000,False,0.0000,False,0.0000,False,0.0000,False
688,dns2tcp_tunnel_dnsgoogle_doh1_2020-03-31t00_37_06.632933,1.0000,False,0.0000,False,0.0000,False,0.0000,False
689,dns2tcp_tunnel_dnsgoogle_doh1_2020-03-31t00_59_44.356060,1.0000,False,0.0000,False,0.0000,False,0.0000,False
690,dns2tcp_tunnel_dnsgoogle_doh1_2020-03-31t01_45_03.481825,1.0000,False,0.0000,False,0.0000,False,0.0000,False
691,dns2tcp_tunnel_dnsgoogle_doh1_2020-03-31t02_07_41.186710,1.0000,False,0.0000,False,0.0000,False,0.0000,False
692,dns2tcp_tunnel_dnsgoogle_doh1_2020-03-31t02_30_20.871673,1.0000,False,0.0000,False,0.0000,False,0.0000,False
693,dns2tcp_tunnel_dnsgoogle_doh1_2020-03-31t03_15_32.549029,1.0000,False,0.0000,False,0.0000,False,0.0000,False
694,dns2tcp_tunnel_dnsgoogle_doh1_2020-03-31t04_00_41.872403,1.0000,False,0.0000,False,0.0000,False,0.0000,False
695,dns2tcp_tunnel_dnsgoogle_doh1_2020-03-31t04_23_15.669898,1.0000,False,0.0000,False,0.0000,False,0.0000,False
696,dns2tcp_tunnel_dnsgoogle_doh1_2020-03-31t04_45_50.180619,1.0000,False,0.0000,False,0.0000,False,0.0000,False
697,dns2tcp_tunnel_dnsgoogle_doh1_2020-03-31t05_31_04.753509,1.0000,False,0.0000,False,0.0000,False,0.0000,False
698,dns2tcp_tunnel_dnsgoogle_doh1_2020-03-31t05_53_43.910604,1.0000,False,0.0000,False,0.0000,False,0.0000,False
699,dns2tcp_tunnel_dnsgoogle_doh1_2020-03-31t08_09_32.659893,1.0000,False,0.0000,False,0.0000,False,0.0000,False
700,dns2tcp_tunnel_dnsgoogle_doh1_2020-03-31t08_32_10.263570,1.0000,False,0.0000,False,0.0000,False,0.0000,False
701,dns2tcp_tunnel_dnsgoogle_doh1_2020-03-31t08_54_46.842786,1.0000,False,0.0000,False,0.0000,False,0.0000,False
702,dns2tcp_tunnel_dnsgoogle_doh1_2020-03-31t09_17_26.825207,1.0000,False,0.0000,False,0.0000,False,0.0000,False
703,dns2tcp_tunnel_dnsgoogle_doh1_2020-03-31t09_40_07.127341,1.0000,False,0.0000,False,0.0000,False,0.0000,False
704,dns2tcp_tunnel_dnsgoogle_doh1_2020-03-31t10_02_53.782582,1.0000,False,0.0000,False,0.0000,False,0.0000,False
705,dns2tcp_tunnel_dnsgoogle_doh1_2020-03-31t10_25_38.335574,1.0000,False,0.0000,False,0.0000,False,0.0000,False
706,dns2tcp_tunnel_dnsgoogle_doh1_2020-03-31t10_48_20.931152,1.0000,False,0.0000,False,0.0000,False,0.0000,False
707,dns2tcp_tunnel_dnsgoogle_doh1_2020-03-31t11_11_05.964976,1.0000,False,0.0000,False,0.0000,False,0.0000,False
708,dns2tcp_tunnel_dnsgoogle_doh1_2020-03-31t11_56_25.853278,1.0000,False,0.0000,False,0.0000,False,0.0000,False
709,dns2tcp_tunnel_dnsgoogle_doh1_2020-03-31t13_27_06.939265,1.0000,False,0.0000,False,0.0000,False,0.0000,False
710,dns2tcp_tunnel_dnsgoogle_doh1_2020-03-31t14_12_26.027109,1.0000,False,0.0000,False,0.0000,False,0.0000,False
711,dns2tcp_tunnel_dnsgoogle_doh1_2020-03-31t14_57_39.274643,1.0000,False,0.0000,False,0.0000,False,0.0000,False
712,dns2tcp_tunnel_dnsgoogle_doh1_2020-03-31t16_28_02.705170,1.0000,False,0.0000,False,0.0000,False,0.0000,False
713,dns2tcp_tunnel_dnsgoogle_doh1_2020-03-31t16_50_35.746837,1.0000,False,0.0000,False,0.0000,False,0.0000,False
714,dns2tcp_tunnel_dnsgoogle_doh1_2020-03-31t18_43_17.851915,1.0000,False,0.0000,False,0.0000,False,0.0000,False
715,dns2tcp_tunnel_dnsgoogle_doh1_2020-03-31t19_05_47.316030,1.0000,False,0.0000,False,0.0000,False,0.0000,False
716,dns2tcp_tunnel_dnsgoogle_doh1_2020-03-31t19_28_16.646149,1.0000,False,0.0000,False,0.0000,False,0.0000,False
717,dns2tcp_tunnel_dnsgoogle_doh2_2020-03-30t21_36_11.567490,1.0000,False,0.0000,False,0.0000,False,0.0000,False
718,dns2tcp_tunnel_dnsgoogle_doh2_2020-03-30t22_21_37.778622,1.0000,False,0.0000,False,0.0000,False,0.0000,False
719,dns2tcp_tunnel_dnsgoogle_doh2_2020-03-30t22_44_12.678225,1.0000,False,0.0000,False,0.0000,False,0.0000,False
720,dns2tcp_tunnel_dnsgoogle_doh2_2020-03-30t23_06_49.893700,1.0000,False,0.0000,False,0.0000,False,0.0000,False
721,dns2tcp_tunnel_dnsgoogle_doh2_2020-03-30t23_29_21.351185,1.0000,False,0.0000,False,0.0000,False,0.0000,False
722,dns2tcp_tunnel_dnsgoogle_doh2_2020-03-30t23_51_55.063314,1.0000,False,0.0000,False,0.0000,False,0.0000,False
723,dns2tcp_tunnel_dnsgoogle_doh2_2020-03-31t00_14_31.516711,1.0000,False,0.0000,False,0.0000,False,0.0000,False
724,dns2tcp_tunnel_dnsgoogle_doh2_2020-03-31t00_37_07.573623,1.0000,False,0.0000,False,0.0000,False,0.0000,False
725,dns2tcp_tunnel_dnsgoogle_doh2_2020-03-31t03_15_33.687397,1.0000,False,0.0000,False,0.0000,False,0.0000,False
726,dns2tcp_tunnel_dnsgoogle_doh2_2020-03-31t05_53_44.753217,1.0000,False,0.0000,False,0.0000,False,0.0000,False
727,dns2tcp_tunnel_dnsgoogle_doh2_2020-03-31t06_39_07.092262,1.0000,False,0.0000,False,0.0000,False,0.0000,False
728,dns2tcp_tunnel_dnsgoogle_doh2_2020-03-31t07_47_01.217282,1.0000,False,0.0000,False,0.0000,False,0.0000,False
729,dns2tcp_tunnel_dnsgoogle_doh2_2020-03-31t08_09_33.662101,1.0000,False,0.0000,False,0.0000,False,0.0000,False
730,dns2tcp_tunnel_dnsgoogle_doh2_2020-03-31t10_25_39.920552,1.0000,False,0.0000,False,0.0000,False,0.0000,False
731,dns2tcp_tunnel_dnsgoogle_doh2_2020-03-31t11_56_27.006518,1.0000,False,0.0000,False,0.0000,False,0.0000,False
732,dns2tcp_tunnel_dnsgoogle_doh2_2020-03-31t12_19_06.749563,1.0000,False,0.0000,False,0.0000,False,0.0000,False
733,dns2tcp_tunnel_dnsgoogle_doh2_2020-03-31t15_20_21.493950,1.0000,False,0.0000,False,0.0000,False,0.0000,False
734,dns2tcp_tunnel_dnsgoogle_doh2_2020-03-31t16_28_04.338973,1.0000,False,0.0000,False,0.0000,False,0.0000,False
735,dns2tcp_tunnel_dnsgoogle_doh2_2020-03-31t17_58_15.145156,1.0000,False,0.0000,False,0.0000,False,0.0000,False
736,dns2tcp_tunnel_dnsgoogle_doh2_2020-03-31t18_20_46.141326,1.0000,False,0.0000,False,0.0000,False,0.0000,False
737,dns2tcp_tunnel_dnsgoogle_doh2_2020-03-31t19_05_48.137201,1.0000,False,0.0000,False,0.0000,False,0.0000,False
738,dns2tcp_tunnel_dnsgoogle_doh2_2020-03-31t19_50_46.247010,1.0000,False,0.0000,False,0.0000,False,0.0000,False
739,dns2tcp_tunnel_dnsgoogle_doh2_2020-03-31t20_13_15.174349,1.0000,False,0.0000,False,0.0000,False,0.0000,False
740,dump.003ce1,1.0000,False,0.0000,False,0.0000,False,0.0000,False
741,dump.1da2a3,1.0000,False,0.0000,False,0.0000,False,0.0000,False
742,dump.218564,1.0000,False,0.0000,False,0.0000,False,0.0000,False
743,dump.22e976,1.0000,False,0.0000,False,0.0000,False,0.0000,False
744,dump.6dbe55,1.0000,False,0.0000,False,0.0000,False,0.0000,False
745,dump.e022b7,1.0000,False,0.0000,False,0.0000,False,0.0000,False
746,dump_00001_20200111222621.25436d,1.0000,False,0.0000,False,0.0000,False,0.0000,False
747,dump_00001_20200113100617.0246b4,1.0000,False,0.0000,False,0.0000,False,0.0000,False
748,dump_00001_20200113152847.4df77c,1.0000,False,0.0000,False,0.0000,False,0.0000,False
749,dump_00001_20200114102945.0c2a9f,1.0000,False,0.0000,False,0.0000,False,0.0000,False
750,dump_00002_20200111232233.4dd21e,1.0000,False,0.0000,False,0.0000,False,0.0000,False
751,dump_00002_20200113111300.07d779,1.0000,False,0.0000,False,0.0000,False,0.0000,False
752,dump_00002_20200113162614.325f51,1.0000,False,0.0000,False,0.0000,False,0.0000,False
753,dump_00002_20200114114901.69adea,1.0000,False,0.0000,False,0.0000,False,0.0000,False
754,dump_00003_20200112004539.77b31c,1.0000,False,0.0000,False,0.0000,False,0.0000,False
755,dump_00003_20200113120939.b9054d,1.0000,False,0.0000,False,0.0000,False,0.0000,False
756,dump_00003_20200113182754.df1632,1.0000,False,0.0000,False,0.0000,False,0.0000,False
757,dump_00003_20200114130936.15d035,1.0000,False,0.0000,False,0.0000,False,0.0000,False
758,dump_00004_20200112015042.b7f055,1.0000,False,0.0000,False,0.0000,False,0.0000,False
759,dump_00004_20200113132407.77383d,1.0000,False,0.0000,False,0.0000,False,0.0000,False
760,dump_00004_20200113193921.586656,1.0000,False,0.0000,False,0.0000,False,0.0000,False
761,dump_00004_20200114141606.1045ab,1.0000,False,0.0000,False,0.0000,False,0.0000,False
762,dump_00005_20200112025337.89ee30,1.0000,False,0.0000,False,0.0000,False,0.0000,False
763,dump_00005_20200113142226.bed703,1.0000,False,0.0000,False,0.0000,False,0.0000,False
764,dump_00005_20200113205730.4a72d7,1.0000,False,0.0000,False,0.0000,False,0.0000,False
765,dump_00005_20200114153502.914300,1.0000,False,0.0000,False,0.0000,False,0.0000,False
766,dump_00006_20200112040340.8f88b6,1.0000,False,0.0000,False,0.0000,False,0.0000,False
767,dump_00007_20200112051950.b79397,1.0000,False,0.0000,False,0.0000,False,0.0000,False
768,dump_00008_20200112063544.ae26a3,1.0000,False,0.0000,False,0.0000,False,0.0000,False
769,dump_00009_20200113074803.23a7aa,1.0000,False,0.0000,False,0.0000,False,0.0000,False
770,l1-doh,1.0000,False,0.0000,False,0.0000,False,0.0000,False
771,l1-nondoh,1.0000,False,0.0000,False,0.0000,False,0.0000,False
772,l2-benign,0.0000,False,1.0000,True,1.0000,True,1.0000,False
773,l2-malicious,1.0000,False,0.0000,False,0.0000,False,0.0000,True
774,02-14-2018,0.0000,False,0.0746,True,0.0746,True,0.0225,True
775,02-15-2018,0.0001,True,0.2450,True,0.2450,True,0.1991,True
776,02-16-2018,0.0000,True,0.1992,True,0.1992,True,0.1992,True
777,02-20-2018,0.2396,True,0.3126,True,0.3126,True,0.3131,True
778,02-21-2018,0.2558,True,0.6113,True,0.6113,True,0.6283,True
779,02-22-2018,0.2584,True,0.2760,True,0.2760,True,0.2787,True
780,02-23-2018,0.3329,True,0.3330,True,0.3330,True,0.3330,True
781,02-28-2018,0.4702,True,0.4702,True,0.4702,True,0.4702,True
782,03-01-2018,0.4182,True,0.4182,True,0.4182,True,0.4182,True
783,03-02-2018,0.4210,True,0.4210,True,0.4210,True,0.4210,True
784,evse-b-hpc-kernel-events-combined,0.3499,True,0.3499,True,0.3499,True,0.3499,True
785,evse-b-powercombined,0.1102,True,0.1102,True,0.1102,True,0.1102,True
